TeamName,eFG%,Rk,eFG% Def,Rk,FTR,Rk,FTR Def,Rk,OR%,Rk,DR%,Rk,TO%,Rk,TO% Def.,Rk,3P%,rk,3pD%,rk,2p%,rk,2p%D,rk,ft%,rk,ft%D,rk,3P rate,rk,3P rate D,rk,arate,rk,arateD,rk
Jacksonville St.,50.9,171,41.3,25,40.400000000000006,124,25.4,37,23.7,326,30.0,159,11.899999999999999,16,13.4,326,38.1,67,21.4,10,47.2,268,48.6,117,69.6,210,93.8,365,36.8,234,44.4,286,48.0,259,39.1,20,11.4,103,0.0,1
East Carolina,48.3,234,55.60000000000001,291,60.0,6,56.89999999999999,353,33.300000000000004,136,26.900000000000002,85,16.900000000000002,146,16.2,237,20.0,359,34.1,214,57.5,71,58.3,302,66.7,281,71.2,177,33.3,301,37.9,143,48.1,255,49.1,117,9.7,163,2.5,2
Middle Tennessee,54.900000000000006,91,50.9,170,27.900000000000002,304,44.4,282,26.5,279,18.8,5,15.4,89,16.8,217,26.9,307,21.4,11,65.7,5,57.5,289,58.8,353,70.8,165,42.6,121,25.9,4,36.7,354,50.0,145,2.5,360,2.9,3
Duke,59.3,23,38.1,2,44.800000000000004,72,21.5,14,38.7,44,28.799999999999997,130,14.2,56,21.9,45,37.5,79,24.6,27,62.1,30,39.1,9,75.2,91,66.1,77,47.6,52,46.9,324,65.4,28,50.0,128,17.4,23,3.0,4
Missouri,63.9,5,47.4,106,45.4,68,29.799999999999997,77,37.0,72,26.200000000000003,68,19.0,225,18.2,164,44.0,13,34.0,208,62.8,22,43.9,46,64.4,310,73.3,225,34.4,285,48.7,343,50.6,212,54.2,208,9.0,195,3.1,5
UC Irvine,42.8,330,40.9,19,51.7,27,28.499999999999996,64,26.5,278,39.300000000000004,327,15.4,93,20.1,97,29.0,271,27.0,63,42.5,327,41.0,16,63.9,312,69.2,135,26.3,357,27.0,6,58.7,85,54.9,226,19.0,15,3.4,6
Southern Illinois,57.49999999999999,48,47.199999999999996,101,35.199999999999996,200,35.0,162,29.7,204,31.4,178,15.5,96,12.0,349,27.3,298,36.0,257,62.4,28,42.4,31,66.2,286,72.0,193,22.8,364,41.6,221,44.8,298,54.1,206,5.6,309,3.4,7
Connecticut,63.4,7,43.5,44,42.4,95,41.6,246,34.5,116,23.400000000000002,34,15.6,97,20.9,73,40.2,32,26.7,49,65.3,7,45.3,62,72.4,163,69.7,142,37.7,218,35.0,92,62.8,49,28.9,2,17.3,24,3.5,8
Ohio St.,61.199999999999996,14,50.4,161,57.9,8,26.900000000000002,48,28.999999999999996,224,23.1,30,17.4,165,16.7,223,38.0,68,29.5,97,65.1,8,54.4,237,78.5,43,64.6,48,47.8,46,39.3,174,62.4,52,43.5,47,4.1,341,3.7,9
Stanford,51.300000000000004,159,53.6,244,36.4,184,27.400000000000002,54,30.4,192,19.400000000000002,8,14.799999999999999,70,24.8,13,32.3,187,37.1,281,52.6,159,52.0,190,75.0,95,76.1,284,32.8,314,41.7,224,39.6,342,44.2,57,13.3,67,3.8,10
Mississippi Valley St.,42.699999999999996,331,55.60000000000001,292,26.1,320,47.199999999999996,309,25.0,306,40.1,338,22.6,332,13.100000000000001,339,26.1,325,34.2,216,44.3,312,59.5,315,87.0,2,70.9,167,31.2,326,47.5,333,39.5,344,62.5,322,9.5,175,3.9,11
Penn St.,58.9,30,48.6,128,29.7,281,21.0,13,29.5,209,26.0,66,11.0,11,21.6,54,39.0,48,27.1,64,59.1,55,53.7,223,68.6,233,82.6,356,34.7,277,38.8,161,51.2,202,54.7,220,3.0,356,3.9,12
Syracuse,58.4,34,30.8,1,28.299999999999997,298,28.999999999999996,73,31.900000000000002,160,33.1,224,12.7,28,26.8,7,31.1,220,16.0,1,64.2,13,33.6,2,63.5,317,73.5,227,33.2,304,29.6,16,54.1,155,50.0,136,19.3,14,4.1,13
Vanderbilt,62.3,11,46.5,91,30.099999999999998,277,41.099999999999994,237,36.0,92,23.599999999999998,36,9.8,2,19.2,123,40.3,30,33.3,187,63.9,14,43.9,45,74.7,105,80.0,338,46.7,64,42.9,257,53.4,162,48.4,110,16.7,25,4.1,14
Tennessee,57.8,44,41.0,20,30.5,271,28.4,63,52.6,1,27.400000000000002,99,19.7,252,16.900000000000002,211,35.9,108,27.0,60,60.0,46,41.4,21,72.5,157,62.0,21,35.1,265,48.8,344,68.1,12,45.3,65,11.7,97,4.1,15
Rhode Island,52.400000000000006,141,47.5,113,40.400000000000006,126,36.5,179,38.6,45,36.5,285,18.099999999999998,189,25.7,8,27.4,295,32.0,155,58.9,57,47.1,92,82.8,10,63.0,32,36.5,240,46.4,320,45.0,295,62.9,325,10.1,148,4.1,16
Stetson,41.8,341,60.199999999999996,345,37.9,166,32.800000000000004,124,23.599999999999998,328,34.4,248,20.8,298,19.5,116,27.8,291,36.4,267,41.8,334,64.2,351,59.7,351,73.8,239,44.6,91,41.4,211,50.8,209,68.4,355,7.3,253,4.1,17
New Mexico St.,50.0,192,49.1,141,46.400000000000006,60,30.9,92,30.8,185,28.1,114,12.2,18,19.8,106,31.2,217,28.6,82,54.2,121,55.6,264,76.9,65,82.4,355,57.1,3,50.9,353,65.2,32,43.5,46,14.8,44,4.2,18
Texas,49.0,219,42.1,31,45.4,67,28.499999999999996,65,43.1,15,25.5,58,14.299999999999999,58,14.7,290,28.2,287,26.7,55,52.4,160,43.1,40,65.8,295,69.1,131,33.9,290,36.0,106,45.0,294,46.1,77,9.8,159,4.2,19
San Diego St.,58.3,35,43.3,41,28.4,295,18.3,8,30.4,191,32.800000000000004,216,20.3,280,30.099999999999998,1,42.5,19,26.7,48,55.1,109,45.8,69,74.2,115,63.2,34,36.7,235,43.3,269,60.0,70,66.7,348,15.3,39,4.3,20
Houston Christian,50.0,191,53.5,240,20.200000000000003,353,17.4,5,23.3,329,18.8,6,18.6,206,19.400000000000002,117,30.0,244,34.7,228,53.6,135,54.5,242,54.2,365,80.0,341,42.0,134,42.6,246,61.5,58,60.4,287,13.6,61,4.3,21
LSU,59.8,17,40.300000000000004,11,50.8,36,28.000000000000004,60,41.6,23,27.3,97,16.400000000000002,128,12.8,345,35.5,117,28.8,86,63.2,19,38.6,6,80.2,26,67.9,105,34.6,280,36.5,111,57.3,106,42.9,40,11.8,96,4.3,22
Little Rock,52.5,140,59.8,342,24.5,333,35.699999999999996,172,33.7,129,31.900000000000002,191,28.499999999999996,364,17.2,199,47.7,3,41.9,347,45.2,300,57.4,287,56.4,359,70.0,152,27.7,351,44.0,278,52.1,186,62.4,317,7.4,245,4.3,23
Miami OH,56.599999999999994,59,51.0,174,26.200000000000003,319,36.5,181,27.900000000000002,248,16.7,1,16.2,122,21.9,47,36.4,95,35.9,252,58.2,63,49.2,131,78.1,47,71.1,172,45.1,84,37.5,130,42.4,323,54.3,212,12.3,84,4.5,24
Northwestern,58.699999999999996,32,42.0,28,42.199999999999996,98,25.3,34,35.0,104,31.8,188,13.0,35,20.4,87,40.0,38,29.7,99,58.1,66,40.4,11,69.1,220,70.0,150,32.6,315,38.4,150,63.3,46,65.1,340,12.3,85,4.5,25
Hofstra,50.0,193,52.0,207,40.699999999999996,116,48.0,316,33.900000000000006,126,36.5,286,17.599999999999998,176,21.6,56,31.0,226,35.1,237,52.3,166,51.5,180,70.3,192,69.0,126,39.0,188,42.3,240,53.8,160,57.7,258,9.9,157,4.5,26
Houston,49.2,213,40.6,13,18.099999999999998,359,40.9,233,39.1,41,28.599999999999998,123,15.7,101,20.599999999999998,81,28.7,279,25.0,29,53.6,133,42.1,27,76.6,70,62.4,24,41.7,140,32.7,53,56.2,124,40.8,29,13.6,60,4.6,27
Gonzaga,58.4,33,38.6,4,29.299999999999997,286,36.5,180,38.6,46,22.6,25,13.700000000000001,48,22.6,32,34.0,147,23.6,22,61.7,34,41.1,17,72.0,164,66.3,80,31.1,327,44.6,292,51.9,192,44.2,56,14.6,46,4.7,28
Alabama,56.3,64,50.3,159,28.799999999999997,292,41.9,250,27.6,259,29.799999999999997,147,12.3,20,14.099999999999998,312,33.0,175,34.5,222,63.6,17,49.6,141,72.9,147,66.2,78,51.7,18,30.4,22,53.1,168,54.7,219,12.0,91,5.1,29
St. Bonaventure,55.00000000000001,87,52.1,208,28.9,291,32.9,128,44.6,9,28.9,132,18.2,192,17.8,175,37.7,77,35.7,248,54.3,120,51.1,170,72.9,148,70.8,162,28.5,345,38.4,151,49.2,233,47.5,99,15.6,33,5.2,30
Rutgers,51.1,165,44.2,56,50.9,32,27.3,52,44.0,12,29.599999999999998,143,15.4,91,20.4,88,35.6,113,30.8,124,50.0,215,43.0,38,65.2,301,70.2,154,33.7,292,37.8,138,51.9,191,45.5,69,11.2,109,5.2,31
Oklahoma,57.8,42,51.9,200,31.4,257,24.0,22,36.199999999999996,83,33.1,221,15.9,113,14.2,310,34.1,143,36.3,264,63.7,15,50.6,161,81.5,18,71.9,188,47.7,49,34.1,75,48.4,248,52.5,175,9.7,165,5.2,32
BYU,55.1,84,48.699999999999996,130,29.5,283,26.1,41,33.1,137,27.0,87,11.3,12,17.1,200,32.0,198,32.3,167,59.7,49,48.9,123,77.3,60,66.1,75,39.4,180,41.6,218,41.1,334,50.0,143,9.4,178,5.2,33
Iowa,63.5,6,50.0,153,61.5,5,35.099999999999994,166,29.7,205,26.8,83,15.8,105,24.3,15,39.2,45,33.3,188,66.0,2,50.0,147,78.0,50,64.8,50,34.5,281,46.8,323,69.0,10,41.5,34,6.1,291,5.2,34
Loyola MD,51.300000000000004,158,48.3,125,30.7,264,27.900000000000002,59,24.6,312,34.300000000000004,245,16.6,137,17.4,186,27.2,301,25.6,35,58.6,60,53.1,213,65.2,302,73.1,221,40.9,158,32.5,46,37.9,351,39.6,23,10.5,129,5.3,35
Sam Houston St.,48.5,228,55.50000000000001,289,24.4,335,61.9,361,36.6,77,46.7,361,16.6,138,18.0,167,34.9,130,38.2,304,46.7,278,54.0,229,75.8,81,71.2,175,31.9,319,46.6,321,36.2,356,54.5,217,17.5,22,5.4,36
Brown,49.3,210,50.2,158,32.1,245,38.1,206,27.6,258,38.7,321,20.7,295,17.8,177,32.6,179,31.0,136,49.6,225,52.3,199,68.1,246,80.2,342,42.4,128,35.1,94,65.3,31,52.3,171,16.1,30,5.4,37
West Georgia,47.099999999999994,261,52.300000000000004,216,27.700000000000003,307,38.2,211,30.5,189,33.800000000000004,232,18.3,200,15.4,269,39.5,44,29.0,89,41.6,335,57.9,296,71.6,175,78.0,314,31.4,324,39.1,169,47.5,265,66.7,350,14.5,50,5.4,38
SMU,53.0,124,49.0,137,46.6,56,41.3,241,36.199999999999996,84,32.300000000000004,199,15.8,108,19.5,113,34.9,129,36.3,263,53.3,143,45.0,60,80.0,27,73.0,219,25.5,359,42.1,234,52.5,178,67.0,351,10.0,156,5.4,39
Cal St. Fullerton,42.199999999999996,334,54.7,276,38.4,155,44.2,277,23.0,333,26.3,72,15.9,111,15.9,245,21.4,354,39.5,324,47.7,260,51.8,188,69.7,207,73.8,237,35.4,261,40.0,185,42.1,326,53.9,204,7.9,232,5.5,40
Iowa St.,61.1,15,49.3,144,35.5,197,26.200000000000003,42,35.8,94,25.2,56,12.7,26,28.4,2,35.6,112,33.3,192,65.8,4,48.8,118,66.7,274,67.9,106,38.5,202,43.5,271,52.1,185,52.2,170,10.7,124,5.6,41
Villanova,54.6,98,53.800000000000004,250,30.2,276,26.8,47,47.099999999999994,3,27.500000000000004,101,16.6,135,19.900000000000002,103,37.3,85,42.5,353,53.5,140,47.4,96,69.6,209,68.3,112,45.0,86,38.8,159,59.5,74,52.9,186,2.9,358,5.6,42
Kansas,58.699999999999996,31,42.1,30,40.6,117,26.8,46,27.400000000000002,262,22.7,27,17.7,178,15.9,247,36.5,93,25.2,30,61.8,32,45.5,64,71.9,167,62.5,26,43.8,102,44.8,295,57.7,100,49.4,122,21.2,7,5.7,43
Oral Roberts,45.2,297,55.300000000000004,286,36.199999999999996,188,44.4,281,21.8,345,35.5,277,16.7,140,19.7,109,25.7,328,39.1,318,52.9,154,53.4,217,70.6,186,71.1,173,53.7,7,36.9,118,43.1,318,54.4,215,17.8,19,5.7,44
Seattle,62.4,10,48.9,132,31.900000000000002,249,36.1,176,27.500000000000004,261,34.5,249,19.7,257,23.9,19,43.2,16,33.7,202,61.0,40,47.7,97,63.0,325,74.7,258,38.4,204,42.6,248,50.0,225,46.9,91,15.2,40,5.7,45
Drake,47.4,250,45.800000000000004,82,30.9,260,18.099999999999998,6,29.599999999999998,207,33.900000000000006,233,14.299999999999999,59,15.7,254,31.1,224,31.7,149,47.9,256,44.7,58,69.7,204,66.7,90,43.1,113,39.2,170,47.0,271,47.6,100,10.6,127,5.7,46
Purdue Fort Wayne,45.6,285,63.800000000000004,364,22.1,347,26.5,45,22.0,340,34.5,251,15.7,102,21.9,46,24.4,339,43.2,355,53.3,145,63.0,343,74.4,113,75.0,261,46.2,74,44.8,294,50.0,227,59.2,279,10.0,154,5.7,47
Sacramento St.,52.400000000000006,142,50.0,155,41.6,103,41.0,234,29.299999999999997,217,30.0,158,20.3,279,15.1,277,35.6,115,29.3,93,52.1,169,54.4,238,72.5,161,72.6,210,27.1,355,42.1,233,53.2,167,59.0,277,12.6,76,5.8,48
Illinois,57.9,41,44.0,50,39.5,137,14.6,1,44.3,11,18.4,4,13.5,45,10.4,358,36.2,102,25.8,36,61.2,37,47.1,91,79.0,39,82.1,354,47.7,50,36.3,108,42.0,327,44.8,61,12.4,81,5.8,49
USC,55.00000000000001,89,40.9,18,53.2,19,30.0,79,41.199999999999996,25,33.300000000000004,225,12.8,32,19.2,125,35.4,118,25.3,31,55.9,91,43.1,39,69.2,216,78.7,326,32.3,317,42.9,260,68.7,11,52.8,184,21.6,5,5.9,50
Purdue,56.89999999999999,56,47.199999999999996,102,29.599999999999998,282,15.9,2,42.699999999999996,18,31.1,174,12.8,31,12.8,344,40.7,29,32.1,156,53.9,128,46.3,74,74.0,120,72.1,194,41.5,147,50.6,352,63.5,42,58.5,272,12.7,74,5.9,51
Alabama A&M,44.7,307,56.00000000000001,297,32.7,237,33.5,136,24.5,315,32.300000000000004,200,18.3,199,20.7,77,35.8,110,30.4,115,40.7,338,63.3,345,71.4,179,71.4,181,31.0,330,41.3,210,46.3,281,57.8,260,9.2,187,5.9,52
Colgate,54.2,100,47.599999999999994,115,27.200000000000003,313,38.0,204,19.2,353,39.0,324,15.4,92,13.4,327,34.1,145,30.1,107,55.7,97,49.4,139,82.7,12,72.3,201,33.0,309,42.5,241,44.8,299,58.9,275,8.9,197,5.9,53
Austin Peay,46.6,270,46.400000000000006,90,39.2,147,42.0,251,26.1,286,28.199999999999996,118,20.3,278,22.6,33,26.7,309,30.7,122,51.5,185,46.8,87,63.8,315,54.9,3,42.6,120,44.4,285,45.8,288,68.7,356,5.3,320,5.9,54
LIU,56.10000000000001,67,52.900000000000006,227,43.3,88,33.900000000000006,143,36.0,89,36.8,295,21.8,318,20.200000000000003,94,42.6,18,39.6,325,53.8,132,49.4,140,56.3,360,66.7,92,22.7,365,35.4,99,48.4,249,49.2,118,12.7,72,6.0,55
Youngstown St.,55.00000000000001,88,54.0,257,33.300000000000004,226,39.7,224,26.0,288,45.300000000000004,357,16.400000000000002,133,22.1,42,36.4,94,32.6,175,55.4,105,55.7,265,71.9,168,73.9,241,51.5,20,24.7,2,48.7,242,43.7,51,9.2,182,6.0,56
Radford,44.2,315,52.7,224,45.0,71,59.9,357,32.6,145,36.7,292,16.1,121,16.8,218,23.3,347,37.9,299,50.7,205,50.0,152,64.6,307,65.5,63,41.0,155,40.1,187,40.4,337,57.9,263,11.3,106,6.1,57
Arkansas,53.5,116,42.5,36,37.8,167,30.599999999999998,89,29.7,203,29.2,138,13.5,47,14.2,309,33.6,161,24.3,26,55.8,95,46.8,86,78.1,46,64.2,42,42.1,130,41.9,228,58.5,90,56.6,249,10.4,135,6.1,58
North Dakota St.,46.300000000000004,273,53.900000000000006,255,25.0,328,31.3,101,36.0,88,31.5,181,14.000000000000002,52,22.5,35,26.5,315,34.3,219,52.0,175,55.0,247,80.0,29,72.2,197,47.1,58,30.4,23,54.5,147,49.1,116,9.4,177,6.1,59
UMKC,45.4,290,59.599999999999994,340,25.0,329,34.5,157,31.8,162,36.8,296,15.9,114,15.5,264,21.7,353,37.7,295,50.7,204,61.0,330,67.3,266,61.8,20,28.8,340,31.0,30,33.0,358,43.4,45,1.5,362,6.1,60
UNLV,56.599999999999994,61,53.400000000000006,238,52.5,26,51.7,330,35.8,96,27.0,86,17.5,171,18.5,154,28.6,282,33.3,197,66.0,3,55.6,263,73.2,141,72.5,208,40.5,166,38.8,160,64.2,39,59.6,282,8.5,212,6.2,61
Arizona,55.60000000000001,77,44.5,61,39.300000000000004,141,29.4,76,37.7,61,30.0,155,18.9,219,21.3,61,40.0,37,31.7,148,54.0,127,42.9,35,77.7,55,69.4,136,27.2,354,33.5,64,64.2,38,47.9,101,11.7,98,6.3,62
Coastal Carolina,48.3,233,47.9,119,32.2,242,48.8,319,26.8,274,18.0,2,18.2,190,14.499999999999998,298,32.5,181,32.8,180,47.9,257,47.2,94,68.4,237,70.4,155,46.9,60,34.9,90,41.7,330,45.7,72,9.3,181,6.4,63
Kansas St.,63.2,8,51.800000000000004,195,34.4,212,32.0,110,35.4,98,29.9,152,20.0,270,18.7,144,45.7,7,33.7,200,60.0,47,52.6,203,72.9,149,68.8,120,37.2,225,39.2,171,63.0,48,55.8,239,11.2,110,6.5,64
N.C. State,64.60000000000001,3,46.1,84,43.7,83,43.5,266,37.8,59,27.200000000000003,95,14.899999999999999,76,20.3,91,43.1,17,27.0,59,64.5,12,51.2,172,77.8,52,64.4,45,49.8,30,47.8,335,55.6,135,51.1,151,9.1,189,6.5,65
Loyola Marymount,57.8,43,44.9,65,32.5,238,28.9,70,28.4,234,26.200000000000003,69,18.099999999999998,187,17.299999999999997,193,41.8,24,31.4,142,53.5,136,43.8,43,56.4,357,76.5,292,46.4,71,34.7,85,57.6,102,53.4,192,7.3,249,6.5,66
North Carolina,56.00000000000001,72,39.900000000000006,8,49.0,45,29.099999999999998,74,40.6,29,25.4,57,14.799999999999999,71,17.1,201,32.2,192,30.9,134,62.5,25,35.1,3,69.9,199,65.3,62,45.8,76,42.6,244,61.5,57,44.2,55,15.5,35,6.6,67
USC Upstate,49.7,200,48.9,134,40.300000000000004,129,39.0,218,30.0,200,39.5,330,23.1,338,14.299999999999999,308,30.2,241,30.0,106,51.9,177,50.8,165,68.8,229,67.6,102,33.3,299,33.0,59,32.4,359,40.0,24,11.5,99,6.6,68
North Carolina A&T,48.0,238,52.5,219,45.1,70,41.5,245,28.199999999999996,242,28.9,133,19.8,262,23.599999999999998,23,29.0,270,42.6,354,49.5,229,45.1,61,72.7,152,59.2,5,25.4,360,39.8,182,50.0,222,69.2,359,11.3,108,6.6,69
Charleston,49.4,206,53.800000000000004,252,37.9,165,32.300000000000004,116,38.5,49,35.9,279,14.7,69,13.900000000000002,316,30.3,240,40.6,333,51.7,182,48.6,114,71.4,176,61.3,15,37.1,229,42.7,252,51.4,199,56.2,245,10.6,128,6.6,70
Utah Tech,47.699999999999996,243,51.7,194,32.4,240,35.0,164,29.299999999999997,215,32.0,194,17.7,180,17.7,180,27.2,300,29.2,92,52.8,155,55.2,252,65.8,297,78.7,327,42.7,119,31.1,31,43.9,304,46.2,78,7.2,255,6.6,71
Evansville,41.9,338,56.699999999999996,308,22.6,341,27.500000000000004,56,32.5,147,31.8,189,16.5,134,13.5,323,20.8,355,36.4,268,48.7,244,58.5,303,67.9,255,69.7,145,38.7,197,45.8,311,55.3,139,56.9,251,4.6,333,6.6,72
Marist,50.0,186,40.1,9,28.1,301,56.49999999999999,352,25.0,307,27.400000000000002,100,22.6,330,22.6,34,32.1,194,25.8,37,51.0,192,41.2,19,68.9,227,72.3,202,35.0,269,42.2,237,63.4,44,60.8,296,20.0,12,6.7,73
Howard,54.1,103,57.099999999999994,314,32.1,247,31.0,96,34.1,123,36.0,281,24.099999999999998,348,21.6,57,40.0,36,43.3,356,51.0,198,52.8,210,72.5,160,63.5,36,34.6,279,35.7,104,58.7,86,38.6,16,7.4,243,6.7,74
UMBC,54.6,97,50.5,165,40.699999999999996,114,28.599999999999998,66,30.5,188,28.7,127,23.9,346,15.4,270,34.7,135,35.2,241,56.7,84,49.6,142,69.7,206,73.6,229,44.4,94,29.2,13,50.0,215,38.1,14,5.3,313,6.7,75
UAB,49.1,215,47.5,114,38.0,163,38.2,209,34.1,124,26.400000000000002,75,14.399999999999999,60,21.2,64,22.6,350,27.3,70,55.8,96,52.1,191,69.2,218,77.2,305,30.7,334,41.1,206,46.4,280,62.4,319,8.5,213,6.8,76
Indiana,62.2,12,44.0,49,39.2,146,33.800000000000004,142,32.800000000000004,142,25.0,54,12.8,29,17.8,173,41.3,26,31.9,154,62.4,26,42.4,30,78.5,42,67.1,93,43.9,100,29.5,15,72.2,3,39.1,18,7.3,247,6.8,77
Iona,58.9,28,48.3,124,30.9,261,22.2,17,26.400000000000002,280,39.300000000000004,328,17.299999999999997,162,19.1,129,42.5,20,20.7,8,55.9,90,59.2,310,62.7,330,63.8,40,38.2,207,38.7,157,52.6,176,44.7,60,6.2,287,6.8,78
Washington,53.0,125,45.300000000000004,71,34.4,210,25.6,40,39.300000000000004,37,28.000000000000004,107,15.1,82,16.2,236,31.9,200,28.2,77,56.0,89,47.8,101,73.3,139,69.8,146,36.4,241,44.7,293,45.8,289,47.9,104,13.2,69,6.9,79
Marquette,50.3,182,48.0,120,40.2,131,35.199999999999996,168,37.1,70,29.4,139,15.5,95,20.5,84,31.7,205,33.6,199,52.4,164,46.6,81,74.2,117,75.7,276,42.4,126,37.2,123,57.3,107,62.2,314,7.3,251,6.9,80
Incarnate Word,44.5,311,60.4,346,25.2,327,55.400000000000006,348,18.8,356,37.0,300,10.8,10,15.4,267,29.8,250,36.7,273,44.4,308,65.4,355,63.3,320,80.4,344,39.5,178,48.5,340,39.1,346,76.9,365,5.8,303,6.9,81
Illinois Chicago,50.3,181,44.3,59,52.800000000000004,23,33.2,133,35.099999999999994,102,41.0,339,20.8,299,22.2,41,29.3,261,24.1,24,55.8,94,51.5,179,81.2,21,77.0,300,46.6,66,47.3,327,57.1,114,60.6,291,11.3,107,7.0,82
UTEP,41.699999999999996,342,59.5,338,28.7,293,41.0,235,23.0,332,41.8,346,18.3,201,27.500000000000004,5,32.4,183,36.2,260,38.0,357,64.2,352,61.3,340,65.9,72,34.3,286,47.0,326,43.6,310,56.9,252,9.4,179,7.0,83
Mercer,48.4,231,55.900000000000006,295,31.900000000000002,250,30.4,86,26.3,281,37.6,313,14.6,66,18.7,142,27.4,296,39.2,320,53.0,152,54.2,234,66.7,279,69.5,140,38.8,194,38.1,146,43.2,315,56.4,246,9.2,186,7.0,84
Lamar,48.1,236,52.300000000000004,215,21.5,350,45.9,298,32.0,158,34.8,257,13.200000000000001,41,19.8,107,28.9,276,37.8,297,50.6,207,50.0,153,67.9,253,60.0,9,34.6,278,33.9,70,50.0,217,50.0,138,20.8,9,7.1,85
James Madison,53.300000000000004,119,50.9,171,27.0,314,53.7,343,28.1,243,32.4,206,19.8,263,16.0,243,38.5,59,36.5,269,50.0,219,49.0,126,69.7,205,77.0,301,42.6,122,32.6,50,51.8,194,50.0,137,13.7,58,7.1,86
Kent St.,55.300000000000004,80,55.2,281,50.9,35,37.7,199,38.6,47,33.300000000000004,226,16.8,143,16.0,240,37.6,78,38.7,309,54.4,119,52.9,211,73.5,132,74.6,255,46.9,61,46.3,317,59.5,75,50.7,148,11.5,100,7.1,87
East Texas A&M,46.1,277,55.800000000000004,294,33.300000000000004,227,55.800000000000004,349,23.799999999999997,325,34.699999999999996,256,22.2,326,21.3,62,24.3,341,45.6,360,53.1,149,49.1,127,66.1,290,68.5,117,41.7,141,34.5,80,55.1,140,55.7,236,7.4,244,7.1,88
Georgia Southern,57.9,38,53.800000000000004,249,46.0,63,36.4,178,28.799999999999997,228,45.4,358,14.499999999999998,63,18.8,138,40.3,31,30.2,109,56.2,88,57.5,290,66.7,280,67.1,94,40.7,160,30.1,19,38.3,350,42.7,39,6.2,286,7.1,89
West Virginia,51.300000000000004,161,43.3,43,48.1,51,32.300000000000004,115,27.800000000000004,251,22.7,26,14.899999999999999,75,24.0,17,34.7,133,30.9,133,50.9,200,41.6,25,69.0,223,73.8,238,37.7,219,37.9,142,54.2,154,52.7,183,10.4,133,7.2,90
Long Beach St.,45.7,282,52.1,210,28.999999999999996,289,54.50000000000001,345,27.3,264,30.5,166,20.0,271,19.0,135,29.0,272,34.1,213,47.1,272,52.7,206,62.7,329,75.9,283,40.3,169,38.5,152,46.7,274,52.6,181,6.1,293,7.2,91
Cincinnati,51.300000000000004,160,41.199999999999996,22,53.5,16,28.9,69,28.4,233,22.2,22,21.0,302,22.900000000000002,28,29.9,248,27.0,62,56.9,80,41.7,26,63.4,318,68.1,109,46.5,67,41.8,225,64.7,34,56.5,247,18.0,18,7.3,92
Queens,53.800000000000004,108,48.9,133,28.000000000000004,302,36.7,189,29.599999999999998,208,36.6,289,22.0,323,15.5,265,33.9,151,26.3,41,56.5,85,54.5,241,79.1,37,70.1,153,48.1,41,37.5,129,53.2,164,47.4,97,8.5,211,7.3,93
Southeast Missouri St.,47.099999999999994,259,62.0,356,30.7,267,46.7,304,22.6,335,27.6,104,16.400000000000002,129,21.6,55,27.9,290,37.1,284,50.0,220,65.7,357,71.2,182,74.4,249,35.4,262,37.1,121,39.5,343,38.0,13,5.7,304,7.3,94
Texas Southern,46.9,263,59.3,336,40.5,122,57.8,354,24.5,316,32.300000000000004,201,20.8,297,16.1,238,33.3,170,35.0,232,45.7,291,64.4,354,62.0,335,72.4,205,27.8,348,43.1,262,37.5,352,52.5,176,5.3,315,7.3,95
Montana St.,52.6,137,52.0,206,20.5,352,41.8,249,22.7,334,28.799999999999997,131,16.3,125,15.9,246,30.9,231,30.4,116,56.9,81,55.0,245,64.6,308,75.0,263,41.5,148,31.4,34,29.6,363,48.1,106,4.6,332,7.3,96
Northern Iowa,56.599999999999994,60,43.1,38,28.299999999999997,299,30.2,83,18.6,357,29.799999999999997,149,14.000000000000002,50,25.1,9,36.6,91,20.5,7,57.9,67,53.5,220,70.2,195,66.7,89,42.8,118,45.9,313,59.3,77,45.9,75,15.1,41,7.4,97
Clemson,53.800000000000004,109,40.6,12,38.1,160,33.0,130,39.0,42,26.8,81,10.8,9,16.900000000000002,209,32.2,193,24.8,28,58.9,56,43.0,37,73.1,142,68.8,119,47.8,48,41.5,212,61.8,54,49.0,114,10.9,118,7.4,98
UC Davis,51.5,156,44.0,52,35.3,198,31.0,94,35.0,106,37.4,307,22.3,327,20.4,89,27.6,294,22.6,18,59.6,50,49.2,130,75.0,93,80.7,347,44.7,90,33.7,67,59.7,73,47.3,94,10.7,123,7.4,99
Boise St.,54.50000000000001,99,49.4,146,50.9,33,34.1,147,34.699999999999996,111,19.6,9,17.299999999999997,158,19.2,126,38.9,50,28.3,78,51.6,183,53.3,216,77.6,58,61.4,16,43.1,111,35.9,105,57.1,112,36.5,7,3.7,345,7.4,100
Grand Canyon,51.0,167,51.300000000000004,183,33.1,233,34.2,149,37.1,69,23.1,29,18.7,211,20.7,78,33.0,174,36.9,277,51.9,178,48.0,105,80.7,23,82.1,353,36.3,245,45.2,302,54.9,143,58.2,270,10.4,137,7.5,101
Virginia,59.099999999999994,24,39.7,6,42.699999999999996,92,37.1,192,48.3,2,30.9,171,14.799999999999999,74,18.2,163,38.8,51,28.9,87,59.8,48,37.8,5,66.0,291,72.1,196,46.8,62,32.8,54,61.3,59,53.1,188,21.2,8,7.6,102
Michigan St.,47.199999999999996,256,48.5,126,49.2,43,27.800000000000004,58,45.5,6,21.099999999999998,16,16.2,123,17.7,179,21.7,352,31.0,137,54.6,116,50.6,163,67.0,273,66.0,74,33.5,296,49.7,348,78.2,1,58.0,264,15.3,38,7.6,103
Appalachian St.,48.9,220,49.8,151,37.8,169,46.9,305,31.7,165,30.099999999999998,161,14.799999999999999,72,16.400000000000002,232,31.6,209,35.4,244,50.0,217,47.0,90,63.2,321,78.8,328,42.6,123,45.5,306,51.5,198,62.5,320,8.7,206,7.6,104
Jackson St.,39.800000000000004,354,55.60000000000001,293,26.0,322,44.1,276,16.3,364,48.0,362,16.7,141,15.8,252,29.2,267,36.0,256,35.9,361,56.8,281,68.1,247,66.7,91,49.2,34,42.2,235,42.4,324,59.2,280,7.6,239,7.6,105
Winthrop,49.8,198,51.5,189,47.199999999999996,54,45.9,297,27.700000000000003,257,32.6,214,11.600000000000001,14,22.2,39,35.1,124,31.5,144,47.6,261,55.3,256,74.2,118,68.9,122,43.7,104,46.8,322,39.3,345,38.2,15,8.1,226,7.7,106
Tulane,52.0,147,52.400000000000006,218,52.5,25,34.8,159,17.4,362,34.1,240,13.0,36,16.8,216,31.7,207,41.6,343,55.2,108,44.4,54,83.7,7,65.8,67,41.4,150,44.5,288,45.6,292,62.2,315,16.7,26,7.8,107
George Mason,48.5,229,40.8,16,51.2,30,32.1,113,36.5,78,22.5,24,18.3,197,19.3,120,29.2,264,26.7,53,51.5,184,41.5,23,74.4,109,79.6,336,38.7,200,51.2,354,50.0,229,52.6,180,15.9,31,7.8,108
High Point,56.89999999999999,57,46.2,87,34.0,218,42.199999999999996,254,26.1,287,35.4,274,10.5,6,23.7,21,34.3,141,26.7,51,60.4,44,50.4,158,70.9,183,71.6,183,39.1,187,40.0,184,54.3,152,54.3,209,10.4,134,7.8,109
Towson,40.6,349,38.4,3,30.3,273,24.3,26,32.5,146,28.499999999999996,120,19.0,226,15.299999999999999,271,19.0,362,20.0,6,48.0,255,43.9,47,64.0,311,60.5,12,38.2,206,39.5,176,42.6,321,39.3,22,10.3,139,7.8,110
Nebraska Omaha,54.2,101,53.6,242,39.4,139,43.9,273,23.799999999999997,324,35.3,270,17.4,168,17.0,205,38.8,52,30.9,132,51.8,179,59.8,317,75.3,90,82.7,357,37.6,221,46.4,319,44.3,301,45.5,70,6.3,281,7.8,111
Eastern Washington,55.1,86,59.099999999999994,335,33.2,232,33.7,141,19.8,352,28.7,129,18.8,215,15.7,257,34.7,134,41.1,337,56.5,86,57.6,292,68.0,251,66.3,81,31.9,318,38.6,156,50.9,207,55.6,234,6.0,296,7.8,112
New Haven,46.7,268,51.800000000000004,197,28.4,297,31.1,98,22.0,341,29.7,146,22.2,325,17.299999999999997,194,26.4,319,35.2,242,50.6,206,51.2,175,67.1,269,75.9,282,35.4,263,38.6,155,38.9,348,43.7,52,5.8,299,7.8,113
Louisiana Tech,39.0,359,42.0,29,42.1,99,40.2,229,36.0,91,34.2,241,19.8,264,18.3,161,18.4,364,26.4,46,44.7,304,44.1,50,60.4,347,75.6,273,33.3,303,47.3,331,51.2,203,65.0,339,20.3,10,7.9,114
Utah,53.300000000000004,120,50.0,154,38.6,151,30.2,82,35.0,105,28.1,112,15.1,83,14.799999999999999,287,33.3,171,32.6,176,55.6,99,50.6,162,72.0,165,58.8,4,41.7,139,33.6,66,49.2,232,34.7,5,10.2,145,7.9,115
San Francisco,53.400000000000006,118,44.0,51,44.5,77,31.2,100,37.4,65,32.300000000000004,198,20.9,301,17.1,203,38.7,55,30.3,112,49.4,230,42.7,33,68.5,235,68.3,113,45.7,77,46.4,318,53.4,163,62.0,313,9.7,168,7.9,116
Fordham,42.1,335,54.2,264,24.099999999999998,336,18.099999999999998,7,37.3,66,25.900000000000002,65,13.4,44,14.399999999999999,301,20.0,360,44.4,357,48.8,242,45.7,67,66.0,292,53.1,1,35.9,253,40.7,197,44.0,302,62.5,321,9.5,174,8.0,117
Bucknell,47.5,247,51.4,186,36.8,181,41.3,242,27.0,269,32.2,197,18.3,198,18.6,147,33.9,150,35.7,250,45.1,301,49.7,146,76.5,73,66.1,76,41.5,146,45.1,300,49.1,235,55.6,235,8.3,221,8.0,118
UC San Diego,57.4,50,47.4,107,32.1,244,31.6,104,25.0,303,26.700000000000003,80,19.5,244,19.5,115,33.8,152,32.5,171,63.6,16,46.4,76,70.4,190,63.6,38,47.6,51,44.3,282,59.0,79,50.0,130,7.2,256,8.0,119
Notre Dame,57.9,39,45.6,74,37.0,177,33.6,139,39.1,40,23.599999999999998,35,17.8,184,17.8,174,41.2,27,30.4,114,55.1,110,45.5,65,69.0,225,69.7,143,41.3,152,40.7,196,47.4,266,52.8,185,3.7,348,8.0,120
Seton Hall,45.1,298,43.5,45,49.1,44,43.5,265,40.9,28,32.4,202,13.100000000000001,37,27.700000000000003,4,31.1,219,38.1,301,44.4,309,33.0,1,74.8,100,71.4,179,31.6,321,43.5,272,54.3,153,51.5,153,36.7,1,8.1,121
Kentucky,59.699999999999996,18,40.9,17,30.5,270,38.2,210,39.0,43,20.3,11,15.9,110,13.100000000000001,335,34.2,142,26.7,52,66.2,1,41.6,24,72.5,158,67.4,97,43.5,106,48.1,337,60.6,65,61.4,306,12.8,71,8.1,122
Wyoming,53.0,127,42.3,33,38.5,152,61.7,360,33.6,132,21.2,17,16.0,116,19.900000000000002,102,38.2,61,20.0,4,49.5,228,48.6,115,67.5,263,66.0,73,44.5,92,34.0,71,70.8,6,34.9,6,8.4,215,8.1,123
Hawaii,50.7,172,42.199999999999996,32,53.5,17,38.3,213,38.0,57,23.400000000000002,33,19.900000000000002,266,19.0,134,32.0,197,28.2,76,52.2,167,42.1,28,72.5,159,64.8,52,35.0,268,30.1,20,51.9,189,43.0,42,7.6,238,8.1,124
Duquesne,56.39999999999999,63,45.300000000000004,70,42.1,100,56.39999999999999,351,31.2,176,35.199999999999996,262,18.9,223,18.6,148,32.7,178,26.8,57,62.2,29,48.9,122,64.7,305,72.9,217,44.2,97,41.1,203,55.5,136,44.7,59,7.2,254,8.1,125
Campbell,47.8,240,51.300000000000004,184,56.2,12,38.3,212,30.4,194,32.4,205,21.0,304,15.9,249,31.1,223,36.5,270,48.5,248,49.6,144,74.4,111,80.6,346,38.1,210,33.5,63,40.3,338,51.8,160,5.6,308,8.1,126
New Mexico,50.2,184,45.0,67,35.3,199,33.6,140,27.900000000000002,247,28.599999999999998,125,16.0,118,23.400000000000002,25,29.3,260,27.1,66,54.1,123,50.0,149,72.6,155,75.7,277,38.7,199,53.6,359,48.1,257,49.4,123,10.8,121,8.2,127
Vermont,56.599999999999994,62,52.400000000000006,217,26.6,318,36.6,184,24.3,318,25.6,62,15.2,84,18.5,153,41.8,23,39.5,323,52.1,173,48.8,121,85.3,5,64.4,44,43.0,116,35.0,91,47.5,264,60.7,295,3.8,344,8.2,128
Providence,55.00000000000001,90,52.300000000000004,214,39.300000000000004,143,33.6,138,28.7,230,26.8,84,15.1,81,13.8,319,32.5,182,38.7,311,59.6,51,48.9,124,82.1,15,75.5,270,42.2,129,37.9,140,48.5,245,51.6,157,14.9,42,8.3,129
Saint Joseph's,44.800000000000004,304,50.6,168,27.500000000000004,312,26.900000000000002,49,34.599999999999994,113,33.300000000000004,228,16.8,144,14.399999999999999,304,25.5,330,36.3,265,49.4,231,48.6,116,81.9,16,65.3,61,40.5,165,34.0,73,51.9,190,43.7,50,10.2,146,8.3,130
Memphis,48.4,232,54.7,274,41.099999999999994,110,49.1,320,33.0,140,28.1,113,17.599999999999998,175,16.3,234,32.3,189,35.7,251,48.3,251,55.4,257,68.4,239,69.0,128,35.1,267,40.9,202,63.3,47,59.3,281,8.9,198,8.3,131
Belmont,57.599999999999994,46,43.2,39,43.6,84,30.099999999999998,81,28.4,235,30.8,170,19.7,254,22.0,44,31.7,204,25.6,34,63.3,18,46.7,82,68.0,248,80.0,340,36.6,239,42.6,249,56.2,125,39.1,19,8.6,208,8.3,132
Liberty,66.2,1,50.5,164,25.6,326,37.3,196,25.900000000000002,290,35.3,268,10.7,8,19.2,124,47.4,5,35.1,234,61.7,35,49.3,135,76.7,67,78.0,313,48.7,36,33.6,65,53.1,170,44.9,62,6.8,267,8.3,133
South Carolina,53.800000000000004,107,45.4,72,40.2,130,33.900000000000006,144,31.2,173,29.599999999999998,144,15.8,107,14.399999999999999,303,38.0,69,22.0,13,50.0,214,49.0,125,77.0,63,68.3,110,54.3,5,22.0,1,71.2,4,47.5,98,4.8,327,8.3,134
Richmond,49.6,203,47.4,110,71.89999999999999,1,53.0,335,34.2,122,22.1,21,17.2,154,13.200000000000001,333,27.8,292,26.3,43,56.7,83,55.0,246,78.0,51,75.8,280,47.4,54,48.7,342,57.1,115,50.0,133,3.3,354,8.3,135
Florida,49.6,204,41.199999999999996,23,43.4,86,42.9,260,42.8,17,24.3,46,19.1,231,15.7,258,23.5,346,27.1,67,60.6,43,41.5,22,66.4,284,76.8,298,43.4,108,32.6,49,54.9,142,37.5,11,12.5,78,8.4,136
UCLA,52.800000000000004,133,52.0,204,29.799999999999997,280,24.0,23,36.7,74,31.7,183,16.900000000000002,148,22.5,37,34.6,136,34.7,225,53.2,147,52.0,189,77.1,62,71.7,185,34.5,282,44.3,284,60.0,71,65.3,341,11.4,105,8.4,137
Colorado St.,64.7,2,52.0,202,47.4,53,33.6,137,36.4,80,21.6,19,15.4,90,14.299999999999999,307,45.0,9,34.4,221,61.1,39,52.5,202,88.2,1,64.5,47,55.8,4,55.3,361,74.1,2,46.9,90,4.0,342,8.4,138
Oregon,48.0,239,45.0,68,52.900000000000006,22,28.7,67,37.4,64,28.999999999999996,134,18.9,217,19.6,112,31.5,212,30.8,127,48.7,243,44.1,49,68.1,245,72.5,209,48.0,44,43.3,266,56.0,128,43.5,48,16.2,29,8.5,139
Le Moyne,52.800000000000004,132,53.900000000000006,253,34.4,213,27.200000000000003,51,24.8,308,27.500000000000004,102,23.0,335,14.899999999999999,286,35.7,111,45.5,359,52.1,174,44.2,51,75.7,84,80.6,345,45.6,80,40.2,189,65.6,26,64.5,335,9.5,176,8.5,140
Texas Tech,55.1,85,46.5,93,31.5,255,35.0,165,40.300000000000004,31,32.5,208,14.099999999999998,55,19.0,130,38.1,66,28.7,83,53.2,146,48.1,106,70.2,193,69.0,127,47.2,57,33.3,61,57.7,98,32.0,3,7.5,240,8.5,141
Mississippi,55.7,73,46.400000000000006,89,42.4,96,39.4,222,36.0,90,25.8,63,12.6,23,17.7,178,40.2,34,30.3,111,53.0,150,47.0,89,73.3,138,63.2,35,36.6,238,40.3,191,58.3,94,60.7,294,15.9,32,8.6,142
FIU,45.800000000000004,281,62.1,357,19.0,356,32.800000000000004,125,34.8,110,33.300000000000004,227,19.400000000000002,241,18.7,143,28.6,281,41.2,339,47.3,267,62.3,338,63.0,326,83.3,360,34.5,284,39.8,180,48.3,252,60.9,300,6.5,274,8.6,143
Saint Mary's,58.9,29,42.5,35,40.400000000000006,125,21.6,15,42.0,19,20.5,13,18.3,196,16.8,220,44.8,10,28.1,73,53.6,134,42.7,32,83.5,8,72.0,189,38.7,198,38.4,149,67.3,15,58.1,266,11.2,111,8.7,144
St. Thomas,57.199999999999996,54,53.7,246,32.0,248,25.3,35,12.6,365,27.200000000000003,96,14.6,65,18.6,145,31.7,206,33.9,207,65.1,10,55.8,266,74.7,106,74.7,256,45.2,83,41.9,227,56.6,119,52.2,168,7.0,261,8.7,145
Alcorn St.,49.8,195,58.5,329,27.700000000000003,308,46.9,307,24.8,310,42.199999999999996,347,24.4,351,19.3,122,37.5,80,34.0,210,45.9,287,62.3,339,67.1,271,72.6,211,38.0,212,33.7,68,47.0,270,53.9,202,11.0,116,8.8,146
UCF,59.0,27,50.7,169,40.5,121,39.300000000000004,220,38.1,54,27.200000000000003,94,19.3,238,15.7,259,47.7,4,32.8,179,52.1,170,51.7,184,73.8,123,78.2,316,35.5,259,43.2,265,65.8,24,61.4,305,9.9,158,8.8,147
Wright St.,53.7,110,47.8,117,34.2,215,42.5,256,27.200000000000003,267,34.5,250,17.7,181,20.5,85,36.2,99,26.7,50,53.3,141,51.6,182,68.4,238,77.3,307,40.7,162,32.9,56,47.7,261,46.5,82,9.8,160,8.8,148
Utah Valley,55.7,75,63.800000000000004,363,49.5,40,53.300000000000004,338,22.0,343,25.5,61,21.3,311,17.9,171,29.7,252,46.2,361,61.8,33,60.6,325,65.4,299,75.0,262,35.2,264,37.1,122,49.1,234,50.0,139,9.1,188,8.8,149
Montana,54.7,95,51.800000000000004,196,40.6,118,28.999999999999996,71,24.5,314,30.7,168,19.0,227,12.3,347,31.8,202,30.7,121,58.8,59,54.9,244,86.3,4,65.1,59,36.7,236,34.6,84,51.1,204,43.6,49,6.3,280,8.8,150
Cornell,57.4,51,56.8,309,33.2,231,50.3,326,30.4,197,29.099999999999998,137,17.2,155,15.0,278,36.4,98,41.7,345,61.3,36,53.2,214,73.0,146,60.9,13,57.9,2,39.3,173,60.7,63,53.9,200,6.3,282,8.8,151
Presbyterian,45.4,292,48.0,121,41.4,107,44.6,286,34.5,118,35.3,265,20.599999999999998,292,16.6,224,23.2,349,28.3,79,50.3,213,51.2,176,66.7,277,73.3,224,31.4,322,36.8,117,55.0,141,53.9,201,10.0,152,8.9,152
Ohio,50.2,185,57.099999999999994,315,34.0,219,36.7,188,24.8,309,37.1,302,16.8,145,16.8,219,28.6,283,40.9,336,54.1,125,53.6,222,68.3,242,76.9,299,34.9,272,44.4,287,44.0,303,58.0,265,7.2,258,8.9,153
Massachusetts,53.0,123,50.9,172,44.800000000000004,73,45.1,293,37.2,68,23.799999999999997,38,20.7,293,21.9,49,34.4,140,32.3,166,53.8,131,52.8,208,63.1,324,68.3,115,36.3,243,44.2,281,65.5,27,66.3,347,4.0,343,8.9,154
Baylor,59.0,26,51.6,192,45.5,66,20.7,12,29.799999999999997,201,34.599999999999994,253,15.7,103,20.200000000000003,92,35.9,107,28.8,85,63.0,20,55.2,251,71.6,174,80.0,339,43.8,103,30.6,27,56.0,127,37.4,10,11.9,93,9.0,155
Buffalo,53.6,114,54.7,273,68.4,2,41.199999999999996,238,30.4,196,27.3,98,13.700000000000001,49,22.8,29,39.7,41,37.1,279,49.4,232,53.8,225,68.3,243,75.4,269,41.4,151,47.3,328,52.2,182,67.6,353,10.3,144,9.0,156
Portland,45.7,283,47.4,111,54.0,15,31.6,103,25.5,295,35.3,269,22.0,322,20.200000000000003,96,24.6,338,30.8,130,51.0,195,48.5,112,67.8,256,83.3,359,37.9,214,47.9,336,63.6,41,65.8,343,10.1,149,9.0,157
Eastern Michigan,43.9,319,51.4,188,25.900000000000002,323,26.400000000000002,44,38.2,52,28.199999999999996,116,16.6,136,19.900000000000002,104,28.0,288,37.1,283,44.5,306,49.2,133,75.5,87,62.5,25,24.4,363,34.1,76,42.2,325,50.0,142,7.5,241,9.0,158
North Texas,45.0,300,44.6,64,35.9,190,53.0,336,33.300000000000004,135,36.9,297,17.7,183,20.8,75,36.4,97,31.1,138,39.9,348,42.9,36,74.7,104,75.7,275,35.0,270,44.6,291,52.9,173,57.9,261,22.3,2,9.1,159
Wisconsin,58.199999999999996,36,48.6,129,34.2,216,38.1,205,41.0,27,23.200000000000003,31,13.200000000000001,39,21.8,50,36.0,104,32.1,158,62.8,21,48.8,119,84.1,6,70.0,149,52.9,9,38.6,154,57.6,103,40.4,26,14.7,45,9.1,160
Wake Forest,50.3,183,47.3,105,34.5,208,36.9,190,37.5,63,28.000000000000004,108,15.8,106,21.7,52,32.7,177,23.1,19,51.1,191,57.4,286,73.7,127,75.6,271,39.4,181,44.3,283,56.3,123,51.5,152,13.2,70,9.2,161
Charlotte,50.9,170,52.6,222,41.0,112,44.5,283,43.0,16,29.5,141,17.4,166,17.0,204,37.9,72,35.6,246,47.2,270,52.1,192,63.8,316,69.1,132,38.0,211,42.7,251,47.0,272,60.0,285,12.4,83,9.2,162
Stony Brook,54.900000000000006,92,52.0,203,35.699999999999996,194,58.599999999999994,355,23.9,322,24.2,44,15.0,79,15.7,255,36.2,100,38.2,303,55.4,106,49.2,132,67.5,264,74.1,246,42.0,133,34.3,78,50.9,206,46.7,88,10.8,120,9.2,163
UNC Asheville,53.0,128,46.9,98,37.2,175,35.199999999999996,169,30.9,182,39.5,329,23.0,337,15.5,266,31.1,225,26.1,38,55.5,102,51.2,173,70.5,189,69.6,141,27.4,352,35.2,95,27.5,364,41.0,30,8.7,203,9.2,164
Murray St.,57.9,40,46.5,92,44.3,81,30.4,85,35.8,95,36.6,287,17.2,157,21.0,69,36.6,92,34.3,217,60.8,42,44.8,59,80.4,25,81.7,352,48.6,38,24.8,3,58.9,81,37.7,12,7.9,231,9.2,165
Troy,53.7,113,53.1,232,38.4,154,27.6,57,23.599999999999998,327,35.3,271,18.2,194,18.9,137,34.5,139,36.8,274,55.5,103,51.8,187,78.4,44,68.1,107,48.0,43,36.4,109,56.7,117,49.6,126,7.8,235,9.2,166
Denver,53.400000000000006,117,56.39999999999999,299,27.6,311,31.1,99,27.900000000000002,245,31.1,175,18.8,216,14.099999999999998,313,37.8,76,37.8,296,51.4,187,56.3,274,76.6,71,70.7,160,38.8,195,37.3,126,43.9,305,41.2,33,4.6,331,9.2,167
Lafayette,48.5,230,57.699999999999996,324,33.800000000000004,222,35.0,163,25.0,304,39.800000000000004,335,18.5,205,13.100000000000001,337,33.3,173,36.4,266,47.7,259,59.9,318,62.8,328,75.3,266,33.8,291,42.1,232,50.5,214,63.0,326,3.4,351,9.2,168
Oregon St.,51.300000000000004,162,49.6,149,53.1,21,38.2,207,28.9,226,35.099999999999994,260,20.3,281,16.900000000000002,212,33.3,168,30.8,126,52.6,158,52.4,201,79.8,30,72.4,204,50.5,27,45.6,307,60.7,64,54.6,218,7.3,250,9.3,169
Portland St.,56.699999999999996,58,52.300000000000004,213,30.599999999999998,268,52.6,334,31.7,166,34.300000000000004,244,22.0,321,20.200000000000003,95,43.8,14,39.0,315,50.5,209,49.1,128,69.1,221,77.8,312,40.6,163,34.5,81,55.8,131,48.7,111,5.4,312,9.3,170
Manhattan,49.3,208,52.800000000000004,225,49.3,42,31.1,97,29.2,218,43.6,350,17.299999999999997,163,15.2,274,35.4,119,35.4,243,47.1,273,52.7,207,75.9,78,75.0,260,36.1,249,30.4,25,45.7,290,45.3,66,5.3,314,9.3,171
Arizona St.,51.0,168,45.0,66,31.4,256,35.099999999999994,167,27.800000000000004,252,30.3,163,14.799999999999999,73,22.5,36,33.3,164,27.7,72,51.7,181,47.7,99,67.5,262,75.3,265,39.2,184,43.7,274,56.9,116,54.4,213,13.8,56,9.4,172
Miami FL,55.2,81,45.6,75,44.4,79,36.7,186,32.4,149,24.5,47,14.299999999999999,57,18.9,136,33.3,165,27.2,68,57.2,77,50.0,148,68.8,228,61.4,17,28.6,343,47.5,334,65.4,29,50.0,129,12.7,73,9.4,173
Penn,48.6,225,54.2,261,42.9,91,30.3,84,27.1,268,35.099999999999994,261,18.2,193,17.7,181,43.3,15,33.7,201,39.3,352,57.5,291,79.7,32,75.4,267,36.4,242,47.3,329,49.3,231,58.1,268,10.4,136,9.4,174
Central Arkansas,38.9,360,56.599999999999994,305,26.8,316,31.6,105,24.099999999999998,320,27.1,93,16.0,117,12.0,350,19.6,361,35.5,245,47.2,269,60.7,328,62.3,333,79.0,331,46.5,69,54.6,360,41.2,333,64.1,334,4.5,335,9.4,175
Wichita St.,56.3,65,43.3,42,38.1,161,34.300000000000004,154,43.4,14,30.099999999999998,160,12.4,21,21.0,68,42.3,21,30.4,113,52.4,161,42.2,29,70.7,184,76.3,287,36.0,251,32.6,51,43.8,307,33.3,4,15.5,34,9.5,176
Prairie View A&M,41.8,340,56.89999999999999,313,30.7,266,47.4,311,18.3,359,39.800000000000004,336,16.400000000000002,132,16.400000000000002,233,31.7,208,40.8,335,38.9,353,54.4,240,75.9,79,72.0,192,33.3,302,36.2,107,43.5,311,52.6,182,8.8,201,9.5,177
Fresno St.,52.300000000000004,144,54.2,260,42.5,94,38.0,203,30.099999999999998,199,27.1,92,20.8,296,25.0,12,33.3,163,31.2,140,54.0,126,60.0,319,72.0,166,61.7,19,42.5,124,43.7,273,46.5,278,46.5,83,8.3,218,9.5,178
Kennesaw St.,53.5,115,45.7,79,52.800000000000004,24,61.199999999999996,359,35.099999999999994,103,34.2,242,17.5,173,13.100000000000001,336,30.2,242,30.8,128,59.5,52,45.6,66,67.2,267,78.5,323,41.7,143,30.2,21,43.3,313,45.3,67,7.8,234,9.5,179
American,51.9,150,57.699999999999996,323,26.8,317,50.6,327,21.8,346,33.0,220,20.599999999999998,291,18.4,159,27.3,297,41.9,348,62.1,31,53.9,226,71.4,177,78.7,325,48.1,42,42.0,230,43.4,312,58.1,269,5.9,298,9.5,180
Abilene Christian,46.9,265,56.8,311,35.099999999999994,205,59.4,356,33.800000000000004,128,18.3,3,18.4,202,17.599999999999998,183,29.0,274,46.3,362,48.2,253,47.3,95,80.0,28,66.7,86,27.2,353,42.7,253,42.9,320,53.3,191,14.5,48,9.6,181
Saint Louis,62.0,13,40.8,15,41.6,102,43.6,267,34.699999999999996,112,25.0,53,21.3,310,18.8,141,38.5,58,26.5,47,65.4,6,41.3,20,81.4,19,72.5,206,44.5,93,33.2,60,45.8,286,40.7,28,9.0,191,9.6,182
Lindenwood,44.7,309,57.099999999999994,316,44.4,80,37.3,195,26.700000000000003,275,35.4,273,20.7,294,18.4,160,24.7,337,38.8,314,48.4,249,56.0,268,62.5,332,70.5,159,32.9,311,47.5,332,46.3,282,55.7,238,8.2,223,9.6,183
Northern Illinois,54.7,96,57.599999999999994,322,48.4,50,43.8,272,34.5,117,37.6,309,25.4,356,16.8,222,38.8,53,35.1,235,52.1,171,61.4,333,73.1,145,79.5,335,41.6,145,43.3,267,56.0,129,50.6,146,5.0,325,9.6,184
Virginia Tech,54.2,102,45.5,73,33.7,223,24.9,30,35.199999999999996,100,33.1,223,10.100000000000001,5,18.2,162,37.5,81,29.6,98,52.8,156,46.3,75,73.2,140,73.9,240,38.9,192,41.5,213,54.8,144,45.9,76,14.2,52,9.7,185
Southern Miss,48.6,223,56.599999999999994,300,38.9,150,43.7,271,36.199999999999996,86,29.7,145,16.2,124,19.0,131,26.8,308,39.8,328,52.4,165,52.7,204,75.7,85,74.0,244,31.1,328,55.7,363,48.8,241,69.7,360,12.2,87,9.7,186
Butler,57.3,53,47.0,99,47.9,52,22.6,19,45.0,7,26.700000000000003,79,19.5,243,19.5,114,40.2,33,28.8,84,55.2,107,48.4,111,67.2,268,70.0,151,41.0,156,27.5,8,65.6,25,48.2,107,10.9,117,9.7,187
Milwaukee,51.800000000000004,153,54.6,272,38.2,159,39.300000000000004,221,32.1,157,36.6,288,15.299999999999999,88,17.299999999999997,191,35.1,125,41.2,338,51.3,188,50.0,151,63.2,322,76.7,294,36.3,244,39.0,167,46.0,284,57.7,259,7.0,263,9.7,188
North Dakota,49.8,199,60.0,344,31.1,259,49.5,321,22.1,339,31.900000000000002,192,13.200000000000001,40,24.099999999999998,16,29.2,263,33.7,204,53.5,139,66.4,359,55.1,363,70.8,166,38.2,209,40.2,190,48.6,243,64.0,329,6.2,290,9.7,189
Santa Clara,59.4,21,46.1,85,30.4,272,51.5,329,45.6,5,31.8,186,17.7,179,18.6,146,42.0,22,33.3,186,57.4,73,44.4,53,63.8,314,77.6,311,36.1,250,29.1,12,62.6,51,64.7,336,22.2,3,9.8,190
Florida Atlantic,51.1,163,53.800000000000004,251,37.4,173,33.0,131,32.2,154,30.2,162,14.899999999999999,77,14.899999999999999,284,38.2,64,40.3,330,47.5,262,49.1,129,71.8,170,72.1,195,35.8,254,41.6,220,48.8,239,46.4,80,13.9,54,9.8,191
SIU Edwardsville,46.7,267,44.1,53,24.6,332,27.3,53,30.9,181,32.9,218,18.099999999999998,188,14.000000000000002,314,31.6,211,29.7,100,46.3,282,43.8,44,64.4,309,72.9,218,31.7,320,50.0,351,37.0,353,52.1,167,12.5,79,9.8,192
Tennessee Martin,60.0,16,44.6,63,61.9,4,73.3,365,27.3,265,28.199999999999996,117,24.099999999999998,347,23.5,24,40.7,28,23.3,20,58.8,58,51.7,183,58.5,354,78.4,321,51.4,21,42.6,243,67.3,16,65.0,337,10.3,143,9.8,193
Columbia,52.7,135,51.2,180,35.699999999999996,193,34.9,161,41.199999999999996,26,24.8,50,22.8,333,15.9,250,37.5,82,38.2,302,50.9,202,48.2,110,70.0,198,69.5,139,33.3,300,32.5,47,46.2,283,67.1,352,9.6,173,9.8,194
Bowling Green,52.900000000000006,129,51.0,175,35.6,196,37.0,191,28.000000000000004,244,23.7,37,12.3,19,27.3,6,37.3,83,32.3,165,51.5,186,52.8,209,75.0,96,73.7,234,30.9,333,42.2,238,43.3,314,50.0,141,9.0,193,9.8,195
Northern Kentucky,43.0,327,62.4,359,22.3,343,42.199999999999996,255,29.4,211,35.199999999999996,263,23.3,341,21.2,66,26.7,310,42.1,350,45.9,288,62.0,336,55.6,362,73.9,243,49.6,33,34.9,89,50.0,218,61.7,311,7.0,264,9.8,196
Illinois St.,48.1,237,50.9,173,40.699999999999996,115,44.3,279,28.299999999999997,239,24.5,48,15.0,80,10.4,359,29.0,275,28.4,81,51.0,194,55.2,253,68.8,231,62.5,28,39.4,179,34.5,82,43.0,319,51.9,162,5.8,300,9.8,197
Georgia,53.0,126,41.199999999999996,21,43.9,82,25.3,33,44.9,8,35.5,275,13.3,43,27.900000000000002,3,26.1,324,30.1,108,64.6,11,39.1,8,79.4,33,60.5,11,45.6,79,35.3,96,50.6,211,54.8,222,21.7,4,9.9,198
Louisiana,47.199999999999996,255,53.0,228,30.2,275,68.7,364,29.4,212,28.000000000000004,110,19.400000000000002,240,17.0,207,30.9,230,36.2,261,47.9,258,52.2,195,66.2,287,70.4,156,43.7,105,37.9,139,41.4,332,54.8,223,9.7,166,9.9,199
Western Michigan,50.6,174,49.2,142,35.199999999999996,201,39.1,219,32.4,151,25.5,59,20.0,268,13.3,330,29.3,262,32.6,177,53.5,138,49.6,143,79.3,36,67.7,103,30.4,335,52.2,358,50.9,208,54.4,214,8.3,219,9.9,200
Cal Baptist,47.5,249,44.3,60,28.4,296,44.0,275,43.8,13,20.4,12,14.6,64,15.6,262,31.8,201,28.9,88,47.3,266,44.6,56,67.9,252,65.8,68,33.5,295,27.1,7,45.8,285,26.9,1,3.3,353,9.9,201
Detroit Mercy,44.9,302,58.699999999999996,334,21.9,348,47.8,315,31.900000000000002,161,32.0,193,17.299999999999997,160,16.0,241,26.3,321,38.6,308,49.2,237,59.4,313,66.0,293,76.1,285,44.2,98,45.1,299,48.8,240,60.9,299,8.9,199,10.0,202
Tulsa,54.0,104,53.7,247,50.9,34,34.1,148,36.8,73,28.1,111,16.400000000000002,130,16.900000000000002,210,38.7,56,33.3,189,51.0,196,56.4,276,71.9,169,78.3,319,42.9,117,42.6,245,61.3,61,54.9,224,5.0,326,10.0,203
Michigan,59.5,20,44.3,58,37.8,168,24.3,25,38.2,51,24.8,51,20.1,273,15.0,280,36.8,89,33.3,191,62.4,27,40.5,12,75.7,83,76.5,290,41.1,154,40.0,183,66.7,18,49.4,121,17.5,21,10.1,204
Colorado,57.4,52,54.2,259,59.5,7,31.6,102,35.099999999999994,101,23.200000000000003,32,13.5,46,14.499999999999998,296,38.2,65,38.4,305,57.4,74,52.4,200,74.5,108,73.4,226,28.7,342,34.4,79,57.7,99,38.7,17,7.3,246,10.1,205
Southern,47.699999999999996,244,58.699999999999996,332,39.800000000000004,135,34.300000000000004,153,27.700000000000003,256,31.2,176,15.6,99,11.200000000000001,355,38.6,57,37.5,289,42.7,324,60.8,329,60.4,348,83.7,362,33.1,307,44.8,297,40.0,341,58.3,271,6.3,283,10.1,206
McNeese St.,56.2,66,44.2,55,64.60000000000001,3,40.0,226,30.4,195,49.4,364,18.6,210,23.9,18,37.8,74,34.0,209,55.9,93,38.8,7,75.8,80,72.9,215,38.5,203,44.2,280,61.7,55,54.5,216,19.4,13,10.2,207
South Dakota,45.6,284,50.4,162,44.5,78,25.3,32,34.9,107,34.9,258,15.6,100,18.8,139,28.6,280,27.2,69,46.8,276,55.4,258,74.4,112,79.4,334,29.3,338,34.2,77,36.7,355,49.6,127,9.0,192,10.2,208
Northeastern,48.5,227,51.4,185,40.400000000000006,127,32.6,121,29.299999999999997,214,28.1,115,15.5,94,20.9,72,30.8,233,32.2,163,49.7,223,53.4,218,69.5,211,79.2,333,33.2,305,40.7,198,50.0,223,53.5,194,8.4,216,10.2,209
Charleston Southern,49.8,194,50.0,156,27.6,310,37.9,201,32.5,148,32.1,195,19.5,245,13.4,328,35.0,127,33.7,203,47.4,263,49.7,145,67.6,259,71.0,171,46.7,63,31.4,33,70.1,7,46.6,84,7.7,236,10.2,210
Georgetown,47.699999999999996,242,43.2,40,51.7,28,48.199999999999996,317,31.3,172,27.0,89,10.7,7,18.5,152,23.2,348,31.5,146,54.5,117,40.5,13,74.8,101,79.2,332,34.5,283,40.5,195,52.9,172,45.7,71,21.4,6,10.3,211
Tarleton St.,49.3,209,58.5,330,45.9,64,53.300000000000004,339,37.8,60,36.4,283,21.0,306,21.0,71,34.6,137,35.7,249,48.3,250,62.0,335,78.3,45,75.7,274,27.8,349,41.5,215,43.2,316,55.8,242,11.4,104,10.3,212
Longwood,42.8,329,54.2,263,45.7,65,46.400000000000006,301,32.0,159,32.4,203,11.700000000000001,15,21.5,58,23.9,343,33.3,198,47.0,275,58.0,297,82.6,13,67.5,100,37.8,215,47.0,325,52.8,175,55.8,241,6.8,268,10.3,213
Albany,39.0,358,48.0,123,28.199999999999996,300,54.800000000000004,346,36.6,76,41.099999999999994,340,26.8,360,16.6,227,20.2,357,23.5,21,46.4,280,56.0,269,68.6,234,75.3,264,46.4,70,38.4,147,61.3,60,51.9,161,6.4,277,10.3,214
Toledo,56.00000000000001,71,58.599999999999994,331,33.0,234,24.099999999999998,24,33.800000000000004,127,34.4,247,19.5,246,20.200000000000003,93,37.9,71,37.1,280,55.5,104,60.7,327,74.0,121,64.9,54,37.3,223,40.9,201,60.5,66,52.1,165,5.7,306,10.3,215
San Jose St.,50.0,190,59.599999999999994,339,33.300000000000004,228,36.6,183,29.799999999999997,202,39.1,325,17.1,152,15.6,263,29.7,253,37.5,292,53.3,144,62.0,334,66.7,283,68.3,114,37.4,222,41.9,229,31.6,362,69.7,361,3.0,357,10.3,216
South Florida,54.800000000000004,94,45.6,76,56.99999999999999,11,54.0,344,44.4,10,35.4,272,14.399999999999999,62,23.599999999999998,22,30.3,239,26.4,44,62.5,24,49.3,134,78.0,49,69.5,138,45.2,82,38.4,148,53.2,165,54.2,207,14.4,51,10.4,217
Marshall,59.0,25,51.6,191,32.4,239,44.800000000000004,291,32.6,144,32.5,209,23.0,336,17.4,190,38.2,62,33.0,185,60.9,41,53.0,212,72.7,153,69.0,125,51.7,19,40.9,199,70.9,5,60.2,286,13.4,66,10.4,218
Grambling St.,57.099999999999994,55,54.50000000000001,269,39.2,148,41.8,247,24.099999999999998,321,44.0,354,25.3,355,20.1,100,44.2,12,37.1,278,52.1,172,53.9,227,70.7,185,66.2,79,35.1,266,35.0,93,52.1,183,54.1,205,9.6,171,10.4,219
Georgia St.,41.5,344,47.699999999999996,116,28.599999999999998,294,30.5,88,29.099999999999998,221,36.9,298,22.6,331,19.3,121,31.1,221,26.3,42,38.1,356,51.5,181,78.1,48,68.9,121,40.2,170,31.3,32,55.7,133,50.0,134,7.2,257,10.4,220
Mercyhurst,47.3,254,44.2,57,31.2,258,63.5,362,27.800000000000004,255,35.3,267,17.0,149,20.8,74,27.2,299,26.9,58,51.0,193,46.2,72,70.0,197,72.8,214,36.2,246,34.0,74,65.3,30,59.0,276,13.8,57,10.5,221
Texas A&M,51.6,155,54.400000000000006,267,42.6,93,37.1,193,31.8,163,28.000000000000004,109,16.7,139,21.3,60,32.3,188,37.1,282,54.8,115,53.6,221,74.8,102,72.9,216,50.6,25,38.9,163,65.1,33,61.1,302,10.7,125,10.5,222
Jacksonville,51.7,154,53.300000000000004,236,23.1,340,47.0,308,28.799999999999997,229,28.999999999999996,136,22.5,329,15.8,253,31.0,229,32.2,162,57.0,79,56.1,270,57.5,355,78.2,318,50.3,28,35.5,100,50.0,219,60.8,297,6.5,273,10.5,223
California,55.7,74,49.6,148,41.0,111,32.7,122,32.1,156,27.0,88,16.400000000000002,127,18.8,140,35.3,121,30.0,105,57.7,68,52.3,197,81.0,22,60.0,8,41.8,137,36.7,114,58.5,89,50.0,131,9.7,164,10.6,224
South Alabama,53.1,122,51.1,176,34.1,217,20.4,11,33.300000000000004,133,28.599999999999998,124,15.9,112,20.1,98,32.1,195,33.8,205,55.6,100,51.8,186,60.3,350,74.5,252,34.1,288,63.0,365,47.7,263,73.1,364,8.2,225,10.6,225
Tennessee St.,44.1,317,56.599999999999994,301,40.0,133,53.7,342,33.0,141,28.999999999999996,135,17.1,150,16.5,230,33.3,169,20.0,5,40.5,343,67.4,361,77.8,54,69.2,133,37.8,216,28.9,10,43.1,317,52.3,173,8.1,227,10.7,226
Western Carolina,44.3,313,52.1,211,18.7,357,43.6,270,28.299999999999997,238,27.0,90,23.5,343,15.2,275,30.9,232,30.6,119,42.9,323,57.3,285,61.1,341,70.7,161,42.0,132,45.2,301,56.2,126,58.8,273,2.9,359,10.7,227
Central Michigan,49.0,218,46.800000000000004,95,23.400000000000002,339,40.9,232,36.6,75,32.7,215,18.4,203,15.0,279,32.3,190,31.5,145,49.3,236,46.4,78,75.4,89,62.1,22,39.3,183,39.7,178,51.0,205,47.9,103,16.4,27,10.8,228
Utah St.,51.5,157,45.800000000000004,81,53.5,18,44.6,285,38.1,55,31.5,180,19.0,228,22.3,38,25.4,331,30.6,120,58.6,61,45.8,68,69.2,217,62.7,29,34.7,275,42.9,259,58.8,84,43.9,53,13.5,62,10.8,229
Boston University,55.400000000000006,79,57.49999999999999,319,29.099999999999998,288,34.4,155,33.300000000000004,134,31.5,182,20.200000000000003,277,14.499999999999998,299,37.9,73,42.4,351,54.2,122,53.3,215,73.8,124,74.4,248,46.2,73,40.5,194,64.4,36,57.7,257,8.9,196,10.8,230
Arkansas Pine Bluff,43.0,326,56.599999999999994,303,29.4,285,46.9,306,29.099999999999998,223,41.3,342,20.5,287,14.799999999999999,289,30.6,236,36.1,258,41.1,337,58.8,307,81.3,20,72.0,190,40.1,172,48.4,339,46.5,279,64.1,333,7.3,252,10.8,231
Southern Indiana,38.3,362,47.4,112,33.300000000000004,224,50.3,325,24.3,319,33.900000000000006,235,16.0,119,17.299999999999997,192,24.4,340,32.8,181,39.5,351,46.7,85,77.6,56,74.2,247,40.8,159,30.1,18,47.8,260,54.9,228,14.1,53,10.9,232
Valparaiso,42.0,336,48.0,122,44.6,74,34.300000000000004,152,30.4,193,32.4,204,14.7,68,19.900000000000002,101,29.4,257,32.3,168,40.3,345,47.8,103,65.0,303,78.5,324,44.2,99,41.7,222,50.0,224,52.6,179,11.9,94,10.9,233
Central Connecticut,41.9,339,46.1,86,30.7,263,20.0,10,25.900000000000002,289,34.699999999999996,255,16.0,120,15.1,276,30.0,245,29.1,90,40.3,344,47.9,104,65.5,298,61.0,14,33.5,294,42.0,231,54.5,151,53.7,197,10.9,119,10.9,234
Eastern Illinois,41.4,346,49.8,152,44.6,76,38.800000000000004,216,25.900000000000002,291,41.8,345,21.6,315,17.9,172,28.8,277,26.4,45,40.6,340,58.5,304,76.9,66,65.6,64,32.4,316,45.8,312,52.0,188,46.7,87,9.2,184,10.9,235
Idaho,50.0,189,55.2,283,36.199999999999996,187,44.800000000000004,290,33.0,139,19.1,7,18.2,191,13.900000000000002,317,34.1,144,34.3,218,48.9,238,58.1,299,73.4,137,74.0,245,48.0,45,42.9,256,54.1,157,52.6,177,6.5,272,10.9,236
Samford,52.1,146,54.6,271,41.0,113,31.900000000000002,107,25.6,294,20.8,14,12.7,25,13.0,341,36.2,101,41.7,346,49.7,224,51.0,167,68.3,241,73.2,223,52.1,14,31.6,37,60.3,67,37.0,9,6.2,285,10.9,237
Niagara,51.0,169,51.2,181,34.4,211,31.0,95,20.200000000000003,351,25.8,64,16.8,142,18.0,168,37.8,75,36.9,276,47.2,271,48.5,113,73.6,129,77.6,310,39.2,185,38.9,164,57.1,113,55.8,240,9.8,162,11.0,238
Stephen F. Austin,57.599999999999994,45,40.2,10,38.2,158,51.2,328,30.5,190,29.9,153,15.299999999999999,87,15.8,251,44.3,11,25.5,32,50.5,208,41.0,15,61.8,336,75.6,272,44.4,95,30.4,24,47.1,269,50.8,149,14.5,47,11.1,239
Northern Colorado,55.60000000000001,76,41.8,27,40.300000000000004,128,41.099999999999994,236,34.300000000000004,121,30.0,156,24.2,349,13.3,331,34.6,138,21.7,12,58.3,62,46.0,71,76.0,77,66.7,87,41.9,135,31.5,35,50.0,216,39.3,21,12.0,89,11.1,240
Nebraska,59.4,22,44.2,54,31.5,254,19.1,9,30.9,180,30.0,157,12.6,24,20.3,90,38.4,60,29.2,91,61.1,38,44.4,52,73.4,135,83.7,361,49.8,31,41.2,207,66.4,20,49.0,113,6.0,294,11.1,241
St. John's,56.00000000000001,69,49.0,136,46.400000000000006,59,25.4,36,35.9,93,30.7,167,14.899999999999999,78,21.4,59,31.2,215,32.9,183,60.1,45,48.8,120,67.7,257,60.4,10,30.9,331,39.2,172,56.6,118,42.7,38,11.0,114,11.2,242
Dartmouth,48.5,226,54.50000000000001,270,45.4,69,25.5,38,24.3,317,24.0,41,21.9,319,15.0,282,33.7,156,32.9,182,46.2,283,58.0,298,67.6,261,77.1,302,50.9,23,40.4,192,61.5,56,46.7,86,9.8,161,11.2,243
Air Force,49.5,205,54.0,258,38.5,153,41.4,244,31.6,167,33.800000000000004,231,25.5,359,18.6,151,33.7,155,36.0,255,48.8,241,53.9,228,55.0,364,63.8,41,39.9,174,37.9,141,57.3,109,52.3,172,5.7,307,11.2,244
Yale,62.4,9,51.9,199,39.300000000000004,142,34.8,160,39.5,35,26.400000000000002,73,15.6,98,22.8,30,50.8,1,32.3,164,54.8,114,54.2,233,82.9,9,71.4,178,35.4,260,40.4,193,57.9,97,46.6,85,13.5,63,11.3,245
San Diego,56.10000000000001,68,49.1,139,21.7,349,37.9,202,31.2,174,46.400000000000006,360,17.599999999999998,177,19.900000000000002,105,47.7,2,32.7,178,46.5,279,49.3,138,68.0,249,70.5,158,38.3,205,42.2,236,55.6,134,49.0,115,13.4,64,11.3,246
Bethune Cookman,49.8,197,59.5,337,21.099999999999998,351,50.0,322,30.9,184,37.6,311,15.9,115,13.600000000000001,322,35.2,122,42.4,352,48.1,254,57.6,293,69.8,202,73.9,242,34.8,274,32.1,43,44.9,296,60.8,298,12.0,92,11.3,247
Delaware,49.2,212,53.900000000000006,254,22.1,345,22.7,20,25.0,302,43.7,352,12.9,34,15.2,273,39.2,46,39.3,321,42.3,331,50.0,156,66.7,275,86.2,364,41.8,138,43.8,275,40.0,340,48.3,108,11.1,112,11.3,248
Old Dominion,49.1,216,50.6,167,34.300000000000004,214,44.6,288,29.7,206,34.0,238,21.2,308,14.399999999999999,305,33.3,172,27.0,61,48.5,246,56.1,271,73.7,126,77.2,304,41.6,144,35.6,102,52.9,171,43.2,43,9.6,169,11.3,249
George Washington,58.099999999999994,37,45.7,78,55.1,13,32.0,109,39.800000000000004,34,26.6,77,18.6,207,19.6,111,34.0,148,26.2,39,62.7,23,50.7,164,73.1,144,70.9,168,39.8,175,43.3,268,52.1,184,46.5,81,8.6,209,11.3,250
IU Indy,52.5,138,57.4,318,22.1,346,51.7,331,29.2,220,45.5,359,18.2,195,20.5,86,31.2,216,30.5,117,55.9,92,62.6,341,74.2,119,70.5,157,37.6,220,30.5,26,51.8,193,47.9,102,6.4,275,11.3,251
Western Illinois,46.9,266,51.5,190,36.7,183,40.300000000000004,231,29.2,219,37.2,304,19.6,248,12.9,343,35.6,116,30.2,110,44.4,307,56.2,273,68.8,232,73.6,231,28.1,347,42.5,242,22.7,365,51.0,150,6.2,288,11.3,252
Alabama St.,44.7,306,53.5,241,25.900000000000002,325,34.0,146,28.999999999999996,225,39.5,331,17.4,169,17.0,206,35.6,114,31.3,141,39.5,350,58.1,300,60.8,344,80.9,350,37.1,230,41.5,214,58.7,87,55.3,231,5.1,322,11.3,253
Creighton,52.900000000000006,130,49.0,138,27.900000000000002,303,17.0,4,40.5,30,33.6,229,19.0,229,18.5,156,29.8,249,28.1,75,59.4,54,51.8,185,71.7,173,63.6,37,44.2,96,29.4,14,58.0,96,42.5,36,3.6,350,11.3,254
Quinnipiac,43.7,321,51.6,193,26.0,321,32.7,123,34.599999999999994,114,34.0,237,19.1,233,16.0,242,26.7,312,34.6,224,45.5,295,51.4,177,67.6,260,67.5,101,32.8,313,31.9,41,38.8,349,59.8,284,13.3,68,11.4,255
Pittsburgh,52.7,134,41.3,24,37.9,164,30.7,91,34.5,115,24.6,49,19.5,242,15.299999999999999,272,38.2,63,27.7,71,49.7,222,41.1,18,67.6,258,78.4,320,39.7,177,39.0,166,58.4,92,49.5,125,12.6,75,11.4,256
UC Riverside,57.49999999999999,47,52.900000000000006,226,41.5,105,29.4,75,20.200000000000003,350,24.8,52,25.5,357,12.3,348,39.7,43,30.8,123,55.7,98,56.6,277,77.0,64,54.5,2,46.3,72,34.8,87,56.3,121,41.6,35,6.6,270,11.4,257
Washington St.,51.1,164,59.699999999999996,341,36.4,185,36.6,182,28.599999999999998,231,19.8,10,15.8,104,15.4,268,29.2,268,39.3,322,57.4,75,60.6,326,80.7,24,78.5,322,46.5,68,49.5,346,41.6,331,48.1,105,11.0,115,11.5,258
Eastern Kentucky,47.099999999999994,262,54.300000000000004,265,32.2,243,31.7,106,23.1,331,32.5,210,18.9,221,8.799999999999999,365,26.7,313,29.4,96,54.1,124,60.2,321,69.2,219,63.6,39,49.6,32,36.7,112,49.0,237,50.0,140,10.2,147,11.5,259
Navy,51.9,149,52.6,221,41.5,104,35.8,174,26.1,285,32.4,207,20.599999999999998,290,16.3,235,32.6,180,31.8,153,53.1,148,55.5,261,75.8,82,74.6,254,28.9,339,37.5,132,57.3,108,50.0,132,6.4,276,11.5,260
NJIT,51.1,166,42.4,34,38.0,162,32.2,114,25.5,296,38.1,316,20.4,284,16.900000000000002,213,36.0,105,26.3,40,48.8,239,44.7,57,69.0,224,65.9,71,45.2,81,43.2,264,51.6,195,45.4,68,9.3,180,11.6,261
Gardner Webb,45.5,286,60.5,347,38.4,156,38.2,208,28.299999999999997,237,39.800000000000004,334,19.8,265,14.7,293,28.8,278,37.5,293,46.8,277,64.1,349,61.8,337,65.8,69,37.3,224,46.1,315,43.7,309,68.7,357,8.7,207,11.7,262
Georgia Tech,47.8,241,38.7,5,33.2,229,35.4,170,29.299999999999997,216,27.900000000000002,106,20.1,274,22.7,31,34.9,128,20.9,9,45.3,297,45.3,63,62.2,334,70.9,169,34.8,273,47.3,330,60.2,69,61.0,301,18.8,16,11.8,263
TCU,50.6,179,49.1,140,37.7,170,24.5,27,35.5,97,33.1,222,17.1,151,23.0,27,29.1,269,36.5,271,55.6,101,46.5,80,74.2,116,77.2,303,41.7,142,31.8,40,54.5,148,60.4,289,14.5,49,11.8,264
North Alabama,47.3,253,52.6,223,35.699999999999996,195,34.699999999999996,158,32.2,155,35.9,280,17.299999999999997,161,13.3,329,33.7,157,32.4,170,45.4,296,55.5,262,69.4,213,73.6,230,36.1,247,41.8,226,43.9,306,53.0,187,13.7,59,11.8,265
Chicago St.,45.5,288,58.699999999999996,333,37.2,176,55.00000000000001,347,27.900000000000002,250,37.3,306,19.7,259,19.0,133,29.2,265,35.1,239,46.2,284,64.4,353,73.6,131,76.2,286,27.8,350,48.5,341,47.4,267,66.1,346,3.4,352,11.8,266
Dayton,52.6,136,52.0,205,57.9,9,33.0,129,26.6,277,31.2,177,14.000000000000002,51,24.3,14,28.4,284,40.5,332,59.5,53,46.7,83,75.0,92,61.6,18,41.1,153,38.0,144,61.0,62,52.0,163,12.4,82,11.9,267
Louisville,59.599999999999994,19,45.7,77,48.5,47,32.4,118,37.7,62,26.8,82,14.099999999999998,54,21.8,51,36.4,96,32.1,157,65.1,9,44.0,48,73.6,128,72.5,207,52.6,11,42.9,254,67.7,13,42.7,37,7.8,233,11.9,268
UC Santa Barbara,55.400000000000006,78,56.8,310,32.800000000000004,236,43.2,263,30.8,187,31.7,185,11.899999999999999,17,19.1,128,41.6,25,41.3,340,50.5,210,53.8,224,73.8,125,64.4,46,41.4,149,37.3,124,58.6,88,45.8,73,5.7,305,11.9,269
Cal St. Northridge,51.800000000000004,152,53.6,243,35.099999999999994,204,30.599999999999998,90,36.3,82,26.3,70,23.200000000000003,339,12.0,351,33.8,153,31.8,152,52.4,162,59.4,312,67.4,265,76.5,291,31.4,323,49.8,350,49.1,236,57.9,262,4.5,334,11.9,270
Texas St.,48.199999999999996,235,51.1,177,34.5,209,44.5,284,31.1,177,25.0,55,19.7,251,17.9,170,29.4,258,36.2,262,50.0,218,49.3,137,74.4,110,77.3,306,30.1,336,36.7,115,54.5,150,46.4,79,13.8,55,12.0,271
UTSA,45.4,289,51.1,179,33.900000000000006,220,35.699999999999996,171,30.9,183,34.2,243,14.399999999999999,61,14.399999999999999,302,32.1,196,34.8,231,43.5,320,50.4,160,69.8,201,71.2,176,41.9,136,35.7,103,38.9,347,45.8,74,9.2,183,12.0,272
Cleveland St.,53.2,121,55.2,282,47.099999999999994,55,46.1,299,37.3,67,36.7,291,20.4,283,13.200000000000001,334,37.2,87,33.3,190,50.4,211,59.0,308,71.4,178,73.2,222,50.8,24,41.6,217,66.3,22,58.1,267,5.1,323,12.0,273
East Tennessee St.,53.7,111,47.9,118,38.3,157,36.7,187,25.3,299,34.599999999999994,254,18.0,186,23.400000000000002,26,31.7,203,33.3,194,57.6,70,46.4,77,69.4,212,75.4,268,38.9,193,41.6,219,48.1,256,51.5,155,10.3,140,12.1,274
Bryant,40.9,348,50.4,163,24.4,334,28.299999999999997,62,28.4,232,30.5,165,20.1,276,14.000000000000002,315,25.4,334,37.2,286,43.5,321,47.1,93,76.3,75,64.8,51,48.8,35,37.5,128,52.4,180,60.6,292,9.6,172,12.1,275
Robert Morris,56.00000000000001,70,53.1,231,25.900000000000002,324,67.9,363,41.5,24,35.3,264,27.900000000000002,363,13.3,332,40.0,40,34.2,215,53.0,151,54.1,231,66.7,278,80.3,343,43.1,115,33.9,69,58.2,95,56.6,250,8.1,228,12.1,276
Arkansas St.,47.4,251,55.00000000000001,279,51.4,29,41.3,240,33.6,131,30.8,169,21.0,303,15.7,261,26.3,322,32.5,174,53.5,137,59.6,316,82.2,14,66.7,84,43.4,107,42.3,239,46.6,276,42.9,41,3.7,346,12.1,277
VCU,53.900000000000006,105,46.800000000000004,94,46.1,62,43.2,262,36.199999999999996,85,38.3,318,19.7,261,21.7,53,35.9,106,36.0,254,53.9,129,43.5,42,67.0,272,77.5,309,52.7,10,31.8,38,66.7,17,49.5,124,15.5,36,12.2,278
Davidson,64.2,4,44.6,62,49.3,41,44.3,278,20.5,348,34.5,252,21.3,312,16.900000000000002,214,47.1,6,26.8,56,58.1,65,46.7,84,74.6,107,69.2,134,48.6,37,31.8,39,64.5,35,36.6,8,12.5,77,12.2,279
Harvard,52.800000000000004,131,49.3,145,44.6,75,27.1,50,24.6,311,26.6,78,20.5,285,20.1,99,38.9,49,34.1,212,49.6,226,48.1,107,81.6,17,66.7,85,36.9,232,39.8,179,57.3,110,52.1,166,10.5,130,12.2,280
Western Kentucky,49.7,201,51.9,201,48.5,48,36.7,185,31.4,170,26.1,67,10.100000000000001,3,20.599999999999998,80,18.4,363,32.9,184,57.1,78,54.1,230,72.6,156,66.7,88,25.0,362,45.6,309,41.9,328,58.8,274,7.1,260,12.2,281
Florida Gulf Coast,49.6,202,61.9,355,16.7,363,46.6,303,39.300000000000004,38,26.400000000000002,74,10.100000000000001,4,12.9,342,34.1,146,37.4,288,48.6,245,68.2,364,76.3,76,76.8,297,36.0,252,51.7,355,48.5,247,46.7,89,7.1,259,12.3,282
Princeton,44.3,312,54.300000000000004,266,36.9,180,40.0,227,23.799999999999997,323,25.5,60,18.5,204,15.7,256,31.6,210,33.3,195,40.7,339,57.7,294,66.2,288,75.7,279,54.0,6,44.6,290,54.0,158,54.9,227,6.2,289,12.3,283
Cal St. Bakersfield,46.5,272,54.7,275,48.4,49,40.2,228,32.800000000000004,143,40.1,337,21.7,317,18.099999999999998,165,33.3,166,36.8,275,45.3,298,54.4,239,71.2,180,68.1,108,25.1,361,32.5,48,50.5,213,51.8,159,17.7,20,12.4,284
Furman,46.7,269,55.900000000000006,296,24.9,330,25.1,31,31.4,168,23.799999999999997,39,25.3,354,13.100000000000001,340,25.0,336,34.3,220,55.1,112,58.7,305,66.7,282,68.9,124,47.3,55,39.1,168,52.2,181,43.2,44,7.3,248,12.4,285
Lehigh,44.9,301,51.800000000000004,198,31.6,251,42.1,253,17.8,361,38.0,315,19.7,260,17.7,182,32.8,176,32.1,159,42.3,329,53.4,219,68.0,250,70.8,164,38.6,201,31.0,29,41.0,336,50.0,144,5.9,297,12.4,286
Drexel,44.9,303,55.400000000000006,288,20.0,355,43.1,261,39.2,39,29.5,142,20.0,269,14.6,295,35.4,120,42.0,349,38.9,354,52.1,193,59.0,352,84.7,363,42.1,131,29.9,17,53.4,161,45.1,63,4.3,336,12.4,287
UT Rio Grande Valley,57.4,49,53.7,245,20.0,354,42.8,259,22.1,338,35.5,276,17.7,182,18.5,155,45.7,8,37.2,285,50.8,203,52.3,198,60.5,346,65.0,58,36.8,233,41.7,223,49.5,230,57.0,253,6.4,279,12.5,288
VMI,47.5,248,53.1,233,28.999999999999996,290,32.0,112,25.4,298,38.3,319,19.1,235,18.6,149,33.7,154,30.8,125,44.3,311,57.8,295,73.6,130,69.4,137,51.9,16,40.2,188,56.3,122,53.8,198,6.0,295,12.5,289
Norfolk St.,40.5,350,43.9,48,30.7,262,43.6,269,35.4,99,31.8,187,18.9,220,17.4,188,28.3,285,22.4,17,39.5,349,55.1,250,56.4,358,69.0,129,33.5,298,52.1,357,48.4,251,56.5,248,11.5,102,12.6,290
Delaware St.,38.7,361,60.9,348,22.6,342,37.4,197,25.3,300,24.099999999999998,43,19.0,224,17.4,189,28.2,286,37.8,298,37.1,358,63.7,346,75.0,99,62.3,23,30.9,332,39.8,181,41.8,329,62.7,324,2.4,361,12.6,291
Missouri St.,42.9,328,48.8,131,57.49999999999999,10,36.199999999999996,177,25.7,293,38.0,314,19.6,249,21.0,70,20.0,358,30.8,131,49.3,235,50.0,154,70.5,187,63.0,33,33.0,308,30.7,28,57.1,111,57.1,254,12.5,80,12.7,292
Maine,45.300000000000004,294,45.9,83,34.8,206,42.699999999999996,258,18.0,360,39.5,332,20.3,282,18.5,157,29.5,256,22.1,14,46.0,285,52.2,196,64.8,304,65.0,57,38.2,208,32.9,57,53.1,169,51.5,154,11.5,101,12.7,293
UMass Lowell,43.5,323,61.1,349,40.6,120,34.0,145,26.8,272,44.5,355,21.5,314,16.6,225,31.1,222,41.6,344,42.0,333,60.5,324,72.5,162,74.7,257,33.0,310,34.8,88,55.8,132,52.2,169,4.2,339,12.7,294
Tennessee Tech,50.6,175,46.2,88,35.699999999999996,191,41.8,248,26.700000000000003,276,33.900000000000006,234,24.4,350,20.599999999999998,83,27.0,302,39.6,326,57.4,76,41.0,14,62.5,331,78.9,330,40.1,173,28.2,9,56.3,120,40.6,27,9.0,190,12.8,295
Nicholls St.,42.199999999999996,333,53.0,229,31.6,252,47.3,310,27.800000000000004,254,37.6,312,18.7,214,20.8,76,26.9,306,37.3,287,43.6,317,51.1,171,66.7,276,73.1,220,43.9,101,37.7,135,46.5,277,62.4,318,8.8,202,12.8,296
Elon,54.900000000000006,93,58.4,327,36.8,182,32.5,119,36.1,87,33.6,230,12.8,33,16.8,215,36.9,88,40.0,329,54.5,118,57.0,282,69.3,215,62.5,27,50.5,26,45.7,310,54.8,145,55.7,237,12.1,88,12.9,297
Wofford,49.3,211,53.400000000000006,239,37.6,172,31.900000000000002,108,27.900000000000002,246,31.4,179,19.2,237,13.5,324,32.4,185,33.3,193,50.0,216,55.1,249,76.5,74,75.9,281,45.1,85,32.7,52,66.3,21,41.2,32,12.0,90,12.9,298
Florida St.,55.2,82,46.9,97,30.2,274,43.3,264,31.0,179,32.2,196,14.000000000000002,53,23.799999999999997,20,36.0,103,30.0,104,56.4,87,48.2,108,79.7,31,62.8,30,52.4,13,38.9,162,54.6,146,50.0,135,10.0,150,12.9,299
Coppin St.,41.199999999999996,347,55.2,284,39.300000000000004,144,37.6,198,27.200000000000003,266,38.6,320,23.400000000000002,342,16.0,244,26.2,323,36.1,259,42.3,330,56.1,272,74.8,103,77.4,308,37.8,217,45.6,308,59.0,80,61.4,307,8.1,229,12.9,300
Sacred Heart,46.0,278,61.5,351,33.900000000000006,221,28.299999999999997,61,31.4,169,37.6,310,19.1,234,17.2,195,31.5,213,40.4,331,44.7,305,63.0,344,68.3,244,69.8,147,52.0,15,61.0,364,50.7,210,72.8,363,5.5,311,12.9,301
New Hampshire,40.2,351,52.5,220,16.6,364,53.400000000000006,341,17.0,363,27.700000000000003,105,21.9,320,13.100000000000001,338,26.5,318,29.8,101,40.6,341,56.7,279,75.0,97,76.7,293,40.2,171,35.4,98,45.8,287,53.9,203,4.8,328,12.9,302
Binghamton,45.0,299,51.4,187,43.3,87,32.9,126,29.5,210,35.099999999999994,259,23.7,344,10.2,362,24.3,342,25.5,33,49.3,234,59.0,309,78.9,40,75.0,259,33.7,293,36.9,119,48.2,253,47.1,92,8.7,204,13.0,303
Canisius,46.6,271,57.49999999999999,321,41.4,108,32.9,127,30.2,198,36.1,282,25.1,353,11.4,354,32.4,186,31.1,139,45.5,294,66.4,360,60.8,345,72.7,213,35.6,257,45.3,305,50.0,228,55.9,243,7.0,262,13.0,304
DePaul,47.199999999999996,257,49.5,147,50.4,37,41.4,243,34.9,108,23.9,40,18.7,212,19.400000000000002,118,30.5,237,37.5,291,48.2,252,46.2,73,65.8,296,67.4,98,40.9,157,33.5,62,67.4,14,54.8,221,11.9,95,13.1,305
South Carolina St.,39.7,355,55.50000000000001,290,41.5,106,56.3,350,28.299999999999997,240,36.6,290,24.5,352,17.599999999999998,184,31.0,227,30.6,118,36.7,360,62.1,337,61.1,342,70.9,170,31.0,329,41.2,209,48.8,238,65.8,344,10.7,126,13.3,306
Green Bay,47.4,252,57.99999999999999,326,36.199999999999996,189,51.800000000000004,332,18.4,358,24.2,45,17.8,185,10.0,363,30.0,247,34.7,229,49.6,227,62.4,340,66.2,289,64.9,56,46.9,59,43.2,263,59.3,76,61.3,304,10.4,138,13.3,307
Stonehill,47.599999999999994,245,51.1,178,18.3,358,38.5,214,21.8,344,23.0,28,23.3,340,10.5,357,33.6,162,29.3,94,45.5,293,55.4,260,67.9,254,66.4,82,43.1,112,37.5,131,59.8,72,40.4,25,8.3,217,13.3,308
New Orleans,50.6,177,43.7,47,37.2,174,46.300000000000004,300,32.4,152,31.7,184,19.7,255,10.299999999999999,361,38.8,54,19.8,3,45.7,289,54.1,232,73.4,136,72.7,212,39.0,189,42.6,247,54.1,156,53.3,190,6.4,278,13.3,309
Fairleigh Dickinson,45.4,291,61.7,353,29.299999999999997,287,45.0,292,26.900000000000002,271,31.8,190,18.6,208,15.9,248,31.0,228,38.8,313,44.2,314,64.2,350,63.0,327,65.7,66,51.8,17,42.9,255,48.4,250,55.5,232,5.8,302,13.3,310
Chattanooga,50.6,178,62.4,358,40.5,123,47.599999999999994,312,18.8,355,41.199999999999996,341,17.1,153,14.7,292,32.0,199,41.3,341,53.0,153,62.6,342,75.0,98,82.7,358,47.5,53,37.1,120,66.2,23,67.7,354,3.7,349,13.3,311
Pepperdine,41.4,345,54.400000000000006,268,32.1,246,44.7,289,34.9,109,37.3,305,15.8,109,20.599999999999998,82,25.0,335,29.8,102,43.9,316,61.2,331,76.7,68,74.5,251,38.8,196,41.2,208,44.9,297,47.3,95,10.4,131,13.4,312
Lipscomb,44.1,316,63.5,362,23.7,338,29.799999999999997,78,32.2,153,30.4,164,18.7,213,13.900000000000002,318,27.0,304,47.1,363,47.4,265,59.3,311,86.4,3,66.7,83,47.8,47,37.6,133,64.3,37,53.5,193,5.3,316,13.4,313
Maryland Eastern Shore,34.699999999999996,364,46.800000000000004,96,17.8,361,28.799999999999997,68,28.799999999999997,227,39.6,333,30.5,365,14.2,311,20.5,356,22.1,16,36.9,359,60.2,322,61.5,339,73.7,235,35.6,258,49.6,347,57.4,105,59.6,283,8.3,222,13.5,314
Wagner,49.1,217,49.6,150,24.7,331,45.6,295,31.3,171,37.5,308,21.7,316,16.6,226,40.2,35,32.2,161,42.6,325,50.3,157,60.3,349,64.8,53,37.0,231,38.0,145,48.0,258,52.4,174,6.1,292,13.5,315
Auburn,51.9,151,47.199999999999996,104,48.8,46,21.7,16,45.9,4,26.5,76,13.3,42,16.5,229,29.2,266,31.7,150,56.8,82,47.0,88,69.0,226,78.2,317,37.2,228,41.1,204,46.7,275,51.5,156,13.4,65,13.6,316
Rice,45.2,296,52.2,212,37.0,178,42.699999999999996,257,34.4,119,35.3,266,19.0,230,17.5,185,40.0,39,31.8,151,35.7,362,55.0,248,71.8,171,70.8,163,39.1,186,37.8,136,47.7,262,60.6,293,8.6,210,13.6,317
The Citadel,50.0,187,57.3,317,39.4,140,39.4,223,22.5,336,37.0,299,13.100000000000001,38,10.299999999999999,360,31.4,214,34.7,227,51.8,180,60.3,323,63.4,319,67.1,95,38.9,190,37.3,125,48.1,254,52.0,164,5.8,301,13.6,318
Bellarmine,50.6,176,68.10000000000001,365,27.700000000000003,309,42.0,252,25.2,301,32.9,219,19.7,256,16.5,231,25.4,333,48.8,364,58.2,64,63.8,347,75.5,88,80.8,349,37.9,213,46.0,314,46.9,273,62.6,323,5.3,318,13.6,319
Nevada,46.2,276,54.2,262,51.2,31,32.6,120,38.2,53,24.099999999999998,42,12.5,22,14.299999999999999,306,30.5,238,35.1,238,46.4,281,55.4,259,72.7,154,64.9,55,32.8,312,41.1,205,59.2,78,60.4,288,12.2,86,13.7,320
South Dakota St.,49.1,214,50.6,166,32.300000000000004,241,37.7,200,32.4,150,21.0,15,20.599999999999998,289,15.7,260,30.8,235,33.3,196,51.0,197,51.2,174,70.4,191,71.4,182,38.9,191,52.1,356,48.6,244,54.3,211,7.5,242,13.7,321
UNC Greensboro,47.099999999999994,258,55.300000000000004,285,49.8,39,32.4,117,22.0,342,32.5,211,18.9,222,11.899999999999999,353,33.7,158,40.7,334,44.4,310,51.0,169,61.6,338,67.4,99,44.9,87,42.9,258,58.4,93,53.1,189,5.1,321,13.7,322
Southern Utah,43.4,324,62.7,360,22.3,344,26.200000000000003,43,28.199999999999996,241,34.1,239,19.900000000000002,267,14.899999999999999,285,22.1,351,51.2,365,50.0,221,56.3,275,71.2,181,75.7,278,39.4,182,31.5,36,45.6,291,49.3,120,10.4,132,13.8,323
Weber St.,44.0,318,47.0,100,39.800000000000004,134,50.3,324,34.1,125,32.6,212,17.5,172,13.700000000000001,321,27.0,305,22.1,15,45.7,290,54.3,236,68.8,230,69.7,144,31.3,325,34.5,83,42.5,322,50.6,147,3.1,355,13.8,324
Bradley,46.0,279,52.1,209,43.0,90,33.5,135,23.3,330,32.800000000000004,217,15.2,85,25.0,10,26.5,314,38.0,300,51.2,190,49.3,136,77.1,61,72.2,198,45.7,78,36.7,113,53.9,159,52.6,178,8.8,200,14.0,325
Pacific,55.1,83,43.6,46,36.9,179,43.6,268,26.200000000000003,284,29.9,154,20.1,275,13.5,325,36.8,90,28.1,74,55.0,113,44.4,55,74.2,114,64.6,49,40.5,164,34.0,72,51.2,200,41.1,31,6.5,271,14.0,326
Siena,46.0,280,48.9,135,35.699999999999996,192,24.0,21,42.0,20,34.4,246,17.2,156,22.2,40,25.4,332,30.8,129,48.8,240,50.0,155,75.0,94,72.2,200,26.8,356,28.9,11,52.0,187,44.0,54,5.0,324,14.0,327
Holy Cross,48.699999999999996,222,56.699999999999996,306,30.0,278,33.1,132,18.9,354,27.0,91,17.299999999999997,159,11.899999999999999,352,29.6,255,28.4,80,51.9,176,66.0,358,69.1,222,81.0,351,43.2,110,39.7,177,43.8,308,49.2,119,1.4,363,14.0,328
Minnesota,52.0,148,47.199999999999996,103,54.900000000000006,14,39.800000000000004,225,39.4,36,21.4,18,16.400000000000002,126,19.3,119,28.0,289,36.6,272,57.7,69,43.4,41,65.9,294,62.8,31,36.6,237,32.9,58,69.5,8,51.7,158,10.3,141,14.1,329
Mount St. Mary's,49.8,196,45.1,69,35.099999999999994,203,45.1,294,25.0,305,28.599999999999998,126,25.5,358,12.4,346,32.3,191,27.1,65,50.9,199,48.2,109,56.9,356,65.1,60,48.3,39,40.9,200,64.0,40,48.4,109,4.3,337,14.2,330
William & Mary,48.9,221,49.2,143,43.5,85,50.3,323,27.0,270,39.1,326,20.5,286,19.2,127,31.2,218,29.9,103,51.2,189,52.7,205,70.1,196,67.7,104,52.5,12,44.2,279,66.7,19,53.6,195,10.0,151,14.3,331
Idaho St.,52.5,139,61.7,352,30.599999999999998,269,24.7,29,41.8,21,29.9,150,22.400000000000002,328,18.099999999999998,166,34.8,131,44.6,358,52.7,157,58.8,306,69.4,214,74.4,250,43.1,114,35.4,97,52.8,174,57.6,256,6.9,266,14.3,332
UNC Wilmington,43.6,322,53.7,248,34.599999999999994,207,38.9,217,41.699999999999996,22,29.9,151,12.7,27,16.5,228,26.3,320,37.7,294,45.3,299,50.9,166,73.9,122,71.4,180,28.6,344,49.1,345,32.1,361,60.4,290,5.5,310,14.7,333
Louisiana Monroe,50.0,188,55.1,280,31.6,253,24.5,28,20.3,349,36.7,294,19.6,247,17.2,196,34.8,132,35.1,236,48.5,247,57.0,283,63.9,313,72.3,203,40.4,168,43.0,261,50.0,226,61.9,312,5.3,317,14.7,334
Northern Arizona,40.0,353,53.300000000000004,237,14.099999999999998,365,35.8,175,28.299999999999997,236,35.699999999999996,278,16.400000000000002,131,17.1,202,35.0,126,37.5,290,34.7,364,51.4,178,63.2,323,76.7,295,29.6,337,40.0,186,53.2,166,63.6,327,4.2,340,14.7,335
Oklahoma St.,52.2,145,41.6,26,39.4,138,30.9,93,36.4,79,22.3,23,17.4,164,18.4,158,29.0,273,26.7,54,57.4,72,42.9,34,75.5,86,72.2,199,37.2,226,45.3,303,51.6,197,57.1,255,10.0,153,14.8,336
Saint Peter's,43.1,325,56.599999999999994,302,39.1,149,60.3,358,37.1,71,37.2,303,19.7,258,21.2,65,29.7,251,39.7,327,42.0,332,54.2,235,79.4,34,73.6,228,42.5,125,45.0,298,51.6,196,66.7,349,10.8,122,15.0,337
Mississippi St.,53.800000000000004,106,45.800000000000004,80,33.2,230,27.400000000000002,55,40.2,32,28.599999999999998,121,22.2,324,14.499999999999998,300,35.9,109,24.2,25,53.8,130,50.4,159,70.5,188,76.4,289,42.4,127,32.8,55,55.3,138,48.8,112,11.1,113,15.1,338
Florida A&M,40.1,352,56.8,312,39.300000000000004,145,47.8,314,27.900000000000002,249,42.4,348,23.799999999999997,345,18.6,150,26.5,317,35.1,240,40.3,346,59.4,314,65.3,300,79.8,337,34.3,287,37.8,137,51.2,201,53.6,196,9.0,194,15.1,339
Maryland,50.5,180,47.4,109,53.2,20,34.5,156,30.8,186,30.9,172,19.2,236,22.0,43,30.0,243,31.4,143,55.1,111,47.7,98,82.8,11,71.2,174,45.9,75,44.0,276,52.6,177,54.3,210,6.9,265,15.3,340
La Salle,48.6,224,53.2,235,46.6,57,25.6,39,34.300000000000004,120,29.4,140,18.9,218,17.4,187,39.7,42,34.1,211,44.2,313,54.5,243,77.5,59,71.7,184,28.8,341,38.9,165,62.8,50,61.5,309,6.3,284,15.4,341
Oakland,46.9,264,59.9,343,27.900000000000002,306,22.3,18,24.5,313,36.7,293,15.2,86,10.6,356,35.2,123,38.7,310,43.6,318,61.3,332,79.4,35,73.8,236,36.1,248,45.3,304,48.5,246,65.7,342,4.7,330,15.4,342
Northwestern St.,47.099999999999994,260,58.4,328,50.0,38,45.800000000000004,296,26.8,273,43.0,349,20.5,288,17.2,197,33.3,167,39.1,316,45.6,292,58.2,301,76.6,72,68.3,111,33.1,306,38.5,153,50.0,220,56.0,244,8.2,224,15.5,343
Saint Francis,43.8,320,63.1,361,17.5,362,34.2,151,27.500000000000004,260,37.1,301,18.6,209,19.0,132,30.8,234,38.7,312,42.6,326,68.1,363,73.5,134,68.8,118,33.5,297,49.7,349,56.0,130,65.0,338,5.3,319,15.5,344
Southeastern Louisiana,39.5,357,54.900000000000006,278,39.7,136,44.6,287,25.5,297,29.799999999999997,148,19.7,253,21.099999999999998,67,23.7,345,34.7,230,42.5,328,56.6,278,68.5,236,73.6,232,43.3,109,36.8,116,58.4,91,55.6,233,4.7,329,15.7,345
Morgan St.,45.300000000000004,295,56.699999999999996,307,41.9,101,53.2,337,38.1,56,34.0,236,19.1,232,16.8,221,39.1,47,31.0,135,40.6,342,64.0,348,78.7,41,65.9,70,25.7,358,41.5,216,44.4,300,64.0,330,10.0,155,15.8,346
Boston College,46.2,275,42.9,37,29.4,284,33.2,134,33.1,138,26.3,71,12.8,30,14.6,294,25.6,329,32.3,169,52.4,163,39.6,10,61.0,343,59.8,7,44.7,89,37.7,134,47.2,268,53.8,199,18.2,17,15.9,347
Fairfield,44.7,308,48.5,127,30.7,265,30.0,80,29.299999999999997,213,21.6,20,14.7,67,14.7,291,29.7,254,29.4,95,44.8,303,51.0,168,71.7,172,71.7,186,39.8,176,35.5,101,40.0,339,44.4,58,9.6,170,16.0,348
Akron,53.7,112,50.3,160,33.300000000000004,225,28.999999999999996,72,33.6,130,36.4,284,11.3,13,21.2,63,37.9,70,35.7,247,50.9,201,47.7,100,77.6,57,76.8,296,47.3,56,43.5,270,58.9,82,54.9,225,9.2,185,16.0,349
Morehead St.,42.0,337,56.3,298,24.099999999999998,337,35.699999999999996,173,37.9,58,45.0,356,21.0,307,15.0,281,25.9,326,38.5,307,44.1,315,55.2,254,72.9,150,68.9,123,40.7,161,44.0,277,41.1,335,63.6,328,10.3,142,16.1,350
Texas A&M Corpus Chris,39.5,356,53.0,230,35.199999999999996,202,53.300000000000004,340,25.8,292,31.0,173,17.4,167,19.8,108,27.7,293,32.1,160,38.5,355,55.9,267,66.3,285,78.1,315,34.0,289,36.4,110,58.8,83,61.4,308,8.1,230,16.1,351
Monmouth,45.300000000000004,293,40.699999999999996,14,46.300000000000004,61,44.4,280,31.2,175,41.4,343,27.1,362,15.0,283,29.4,259,32.5,173,45.9,286,36.9,4,72.7,151,76.4,288,35.8,255,32.3,45,55.3,137,65.9,345,20.2,11,16.4,352
Temple,52.300000000000004,143,47.4,108,32.800000000000004,235,30.5,87,36.3,81,28.299999999999997,119,9.4,1,16.900000000000002,208,37.3,86,33.9,206,50.4,212,45.8,70,68.3,240,73.6,233,34.9,271,32.2,44,54.5,149,45.2,64,15.3,37,16.8,353
UT Arlington,44.2,314,39.7,7,36.3,186,47.699999999999996,313,40.0,33,28.599999999999998,122,27.1,361,20.7,79,23.8,344,17.5,2,49.3,233,47.8,102,56.1,361,74.5,253,37.2,227,37.4,127,62.2,53,64.1,331,16.4,28,16.9,354
Cal Poly,47.5,246,54.800000000000004,277,27.900000000000002,305,41.199999999999996,239,31.7,164,27.6,103,22.900000000000002,334,17.2,198,33.6,160,34.7,226,45.0,302,57.4,288,67.1,270,71.8,187,46.6,65,48.4,338,45.2,293,69.0,358,8.5,214,17.1,355
Rider,32.0,365,50.0,157,41.199999999999996,109,52.300000000000004,333,38.6,48,48.8,363,21.4,313,10.0,364,15.6,365,31.6,147,35.4,363,52.1,194,70.2,194,59.7,6,28.1,346,44.5,289,32.4,360,47.3,96,4.2,338,17.1,356
Army,44.800000000000004,305,61.3,350,18.0,360,43.9,274,27.800000000000004,253,32.6,213,21.0,305,13.8,320,25.9,327,35.0,233,53.3,142,68.8,365,69.7,208,78.9,329,59.0,1,46.2,316,57.4,104,64.1,332,0.0,365,17.3,357
Xavier,44.7,310,57.9,325,42.3,97,38.6,215,26.3,282,28.7,128,16.900000000000002,147,21.9,48,32.4,184,34.5,223,41.6,336,60.0,320,69.8,203,69.1,130,44.9,88,26.2,5,69.4,9,61.6,310,7.7,237,17.6,358
Ball St.,50.7,173,57.49999999999999,320,46.6,58,16.1,3,21.3,347,38.7,322,20.0,272,25.0,11,37.3,84,38.5,306,47.1,274,57.3,284,64.7,306,64.3,43,40.4,167,44.8,296,60.3,68,55.3,230,8.3,220,18.4,359
Hampton,42.3,332,56.599999999999994,304,37.7,171,40.300000000000004,230,38.5,50,38.3,317,19.3,239,19.7,110,26.5,316,39.1,317,43.6,319,55.2,255,77.8,53,68.5,116,34.7,276,39.4,175,50.0,221,61.1,303,9.7,167,18.6,360
Merrimack,45.5,287,53.900000000000006,256,40.6,119,46.5,302,29.099999999999998,222,41.8,344,19.6,250,17.8,176,33.6,159,32.5,172,40.0,347,56.7,280,79.1,38,72.0,191,53.1,8,34.8,86,52.4,179,55.0,229,8.7,205,19.0,361
Loyola Chicago,49.3,207,53.2,234,43.1,89,37.2,194,31.0,178,38.800000000000004,323,17.5,174,14.799999999999999,288,34.0,149,41.6,342,47.4,264,46.4,79,73.1,143,80.7,348,51.1,22,42.7,250,63.4,45,59.2,278,14.9,43,20.0,362
Indiana St.,46.300000000000004,274,51.2,182,29.799999999999997,279,32.0,111,27.400000000000002,263,43.6,351,20.8,300,16.1,239,26.7,311,35.9,253,52.2,168,50.0,150,69.8,200,65.6,65,48.3,40,32.0,42,63.4,43,47.3,93,3.7,347,20.7,363
North Carolina Central,37.1,363,61.8,354,40.2,132,48.3,318,26.3,283,43.8,353,17.4,170,14.499999999999998,297,30.0,246,39.2,319,32.6,365,65.4,356,76.7,69,69.9,148,35.7,256,55.6,362,57.7,101,71.4,362,6.7,269,20.8,364
North Florida,41.699999999999996,343,55.300000000000004,287,27.0,315,34.2,150,22.1,337,62.8,365,21.2,309,18.0,169,27.0,303,23.7,23,42.9,322,67.7,362,73.5,133,67.3,96,50.0,29,38.8,158,34.1,357,62.3,316,1.1,364,22.2,365
