team,opp,spread,game_date,season,team_original,opp_original,rank_team,team_team,conf_team,record_team,adjoe_team,oe Rank_team,adjde_team,de Rank_team,barthag_team,rank.1_team,proj. W_team,Proj. L_team,Pro Con W_team,Pro Con L_team,Con Rec._team,sos_team,ncsos_team,consos_team,Proj. SOS_team,Proj. Noncon SOS_team,Proj. Con SOS_team,elite SOS_team,elite noncon SOS_team,Opp OE_team,Opp DE_team,Opp Proj. OE_team,Opp Proj DE_team,Con Adj OE_team,Con Adj DE_team,Qual O_team,Qual D_team,Qual Barthag_team,Qual Games_team,FUN_team,ConPF_team,ConPA_team,ConPoss_team,ConOE_team,ConDE_team,ConSOSRemain_team,Conf Win%_team,WAB_team,WAB Rk_team,Fun Rk_team,adjt_team,eFG%_team,Rk_team,eFG% Def_team,Rk.1_team,FTR_team,Rk.2_team,FTR Def_team,Rk.3_team,OR%_team,Rk.4_team,DR%_team,Rk.5_team,TO%_team,Rk.6_team,TO% Def._team,Rk.7_team,3P%_team,rk_team,3pD%_team,rk.1_team,2p%_team,rk.2_team,2p%D_team,rk.3_team,ft%_team,rk.4_team,ft%D_team,rk.5_team,3P rate_team,rk.6_team,3P rate D_team,rk.7_team,arate_team,rk.8_team,arateD_team,rk.9_team,rank_opp,team_opp,conf_opp,record_opp,adjoe_opp,oe Rank_opp,adjde_opp,de Rank_opp,barthag_opp,rank.1_opp,proj. W_opp,Proj. L_opp,Pro Con W_opp,Pro Con L_opp,Con Rec._opp,sos_opp,ncsos_opp,consos_opp,Proj. SOS_opp,Proj. Noncon SOS_opp,Proj. Con SOS_opp,elite SOS_opp,elite noncon SOS_opp,Opp OE_opp,Opp DE_opp,Opp Proj. OE_opp,Opp Proj DE_opp,Con Adj OE_opp,Con Adj DE_opp,Qual O_opp,Qual D_opp,Qual Barthag_opp,Qual Games_opp,FUN_opp,ConPF_opp,ConPA_opp,ConPoss_opp,ConOE_opp,ConDE_opp,ConSOSRemain_opp,Conf Win%_opp,WAB_opp,WAB Rk_opp,Fun Rk_opp,adjt_opp,eFG%_opp,Rk_opp,eFG% Def_opp,Rk.1_opp,FTR_opp,Rk.2_opp,FTR Def_opp,Rk.3_opp,OR%_opp,Rk.4_opp,DR%_opp,Rk.5_opp,TO%_opp,Rk.6_opp,TO% Def._opp,Rk.7_opp,3P%_opp,rk_opp,3pD%_opp,rk.1_opp,2p%_opp,rk.2_opp,2p%D_opp,rk.3_opp,ft%_opp,rk.4_opp,ft%D_opp,rk.5_opp,3P rate_opp,rk.6_opp,3P rate D_opp,rk.7_opp,arate_opp,rk.8_opp,arateD_opp,rk.9_opp,adjoe_diff,adjde_diff,barthag_diff,adjt_diff,rank_diff,sos_diff,ncsos_diff,efg_pct_diff,efgd_pct_diff,tor_diff,tord_diff,orb_diff,drb_diff,ftr_diff,ftrd_diff,twop_pct_diff,twopd_pct_diff,threep_pct_diff,threepd_pct_diff,pace_mismatch,combined_pace,three_point_matchup,turnover_matchup,rebounding_matchup,home_ats_last_5,away_ats_last_5,ats_diff_last_5,home_ats_last_10,away_ats_last_10,ats_diff_last_10,home_ats_streak,away_ats_streak,home_rest_days,away_rest_days,rest_advantage,home_games_played,away_games_played,margin_trend,recent_opp_strength,early_season,home_adjoe,away_adjoe,home_adjde,away_adjde,home_barthag,away_barthag
Georgia,Florida A&M,-39.5,2025-11-17,2025-2026,Georgia,Florida A&M,33.0,Georgia,SEC,4-0,116.43539395841668,37.0,97.98101384703592,29.0,0.8791571399040612,33.0,20.06391142461419,9.936088575385815,9.283738978979088,8.716261021020912,0-0,0.2792771387338403,0.2792771387338403,0.0,0.6586395132790889,0.3648162739304268,0.8545216728448634,0.6955679183570059,0.8959146037372111,100.70592964606035,111.48222163750768,111.07437112304126,102.9736788126672,0.0,0.0,0.0,0.0,0.0,0.0,0.0566761090019295,0.0,0.0,0.0,0.0,0.0,0.8545216728448634,0.0,0.2967734093159039,51.0,131.0,73.32216409366933,,,,,,,,,,,,,,,,,,,,,,,,,,,,,,,,,,,,,336.0,Florida A&M,SWAC,0-3,98.79691140656314,329.0,112.43199760530877,320.0,0.1844106909023105,336.0,8.373696463484546,19.62630353651545,7.417646382085717,11.582353617914285,0-0,0.7112229317045534,0.7112229317045534,0.0,0.4008581330173805,0.635121166867434,0.2898914327726183,0.876638940264063,0.7263985072427472,113.31174893906048,103.74801858432244,104.3656474475544,108.47571859161688,0.0,0.0,94.1492743963042,109.23474540370428,0.1532801063911298,1.0,-0.1033181389756475,0.0,0.0,0.0,0.0,0.0,0.2898914327726183,0.0,-1.7989407223531568,297.0,276.0,75.15045244928979,,,,,,,,,,,,,,,,,,,,,,,,,,,,,,,,,,,,,17.638482551853542,-14.45098375827284,0.6947464490017508,-1.828288355620458,-303.0,-0.4319457929707131,-0.4319457929707131,,,,,,,,,,,,,1.828288355620458,74.23630827147956,,,,0.75,0.0,0.75,0.75,0.0,0.75,-1,-3,3,6,-3,4,3,0,0,1,116.43539395841668,98.79691140656314,97.98101384703592,112.43199760530877,0.8791571399040612,0.1844106909023105
High Point,Canisius,-24.5,2025-11-17,2025-2026,High Point,Canisius,98.0,High Point,BSth,3-1,112.16462130882157,75.0,105.00642946165542,130.0,0.681001803681434,98.0,24.50231152519797,5.497688474802029,12.6591921363387,3.3408078636613,0-0,0.340140306461004,0.340140306461004,0.0,0.3014799853337443,0.2624953565755882,0.3355915354971308,0.9431149482396154,0.9522490268346616,104.48869785292544,106.35526118899196,95.35088297342269,101.97739507909353,0.0,0.0,0.0,0.0,0.0,0.0,-0.0163109905057858,0.0,0.0,0.0,0.0,0.0,0.3355915354971308,0.0,-0.4810994881243351,141.0,196.0,73.87892101461578,,,,,,,,,,,,,,,,,,,,,,,,,,,,,,,,,,,,,353.0,Canisius,MAAC,2-2,97.8248309773727,344.0,114.3693294111393,347.0,0.1422255770926288,353.0,9.557514876653968,21.442485123346035,5.404030413068108,14.59596958693189,0-0,0.3945867894073892,0.3945867894073892,0.0,0.3604270727714287,0.3937482779855607,0.3421004099036561,0.9125196985105132,0.8703414993817479,106.31942158146872,105.7947363260093,103.40348573657089,108.81414562760376,0.0,0.0,0.0,0.0,0.0,0.0,0.0884014565389887,0.0,0.0,0.0,0.0,0.0,0.3421004099036561,0.0,-1.185711129945635,234.0,102.0,69.1621131687575,,,,,,,,,,,,,,,,,,,,,,,,,,,,,,,,,,,,,14.339790331448867,-9.36289994948389,0.5387762265888052,4.716807845858284,-255.0,-0.05444648294638521,-0.05444648294638521,,,,,,,,,,,,,4.716807845858284,71.52051709168664,,,,0.6666666666666666,0.6666666666666666,0.0,0.6666666666666666,0.6666666666666666,0.0,-1,2,3,5,-2,3,3,0,0,1,112.16462130882157,97.8248309773727,105.00642946165542,114.3693294111393,0.681001803681434,0.1422255770926288
Siena,Colgate,-6.5,2025-11-17,2025-2026,Siena,Colgate,139.0,Siena,MAAC,2-1,108.30498899777297,123.0,107.54369699728704,183.0,0.5202690519388815,139.0,20.981487832339308,10.018512167660694,14.122246212889303,5.877753787110695,0-0,0.4190902085865329,0.4190902085865329,0.0,0.3349574140375729,0.3987790037351484,0.2998555397039063,0.9209146490692068,0.8767163587840201,102.94481528577484,106.19641281306316,102.38176619353642,109.08761345944028,0.0,0.0,0.0,0.0,0.0,0.0,0.1000299582306202,0.0,0.0,0.0,0.0,0.0,0.2998555397039063,0.0,-0.5032360887205277,143.0,91.0,69.77152071391696,,,,,,,,,,,,,,,,,,,,,,,,,,,,,,,,,,,,,229.0,Colgate,Pat,1-3,105.94950541333895,177.0,111.10103139481956,289.0,0.3667953333586202,229.0,16.454772366083894,14.545227633916106,11.024030695674464,6.975969304325536,0-0,0.6091804079973258,0.6091804079973258,0.0,0.3538627997061188,0.4724088837043902,0.2682461834851452,0.8801379318533513,0.7778412893566784,110.32943370292487,101.7186081743792,97.97268346317242,102.06099897414376,0.0,0.0,112.85111283536682,105.7196301591484,0.6793324894583169,2.0,-0.0983705861884313,0.0,0.0,0.0,0.0,0.0,0.2682461834851452,0.0,-1.29281646563695,250.0,269.0,69.69344164985851,,,,,,,,,,,,,,,,,,,,,,,,,,,,,,,,,,,,,2.355483584434012,-3.5573343975325145,0.15347371858026132,0.07807906405844278,-90.0,-0.19009019941079286,-0.19009019941079286,,,,,,,,,,,,,0.07807906405844278,69.73248118188774,,,,1.0,0.75,0.25,1.0,0.75,0.25,3,2,5,3,2,3,4,0,0,1,108.30498899777297,105.94950541333895,107.54369699728704,111.10103139481956,0.5202690519388815,0.3667953333586202
West Virginia,Lafayette,-25.5,2025-11-17,2025-2026,West Virginia,Lafayette,48.0,West Virginia,B12,4-0,111.17661447263563,88.0,96.61183678626357,17.0,0.8340789639774676,48.0,19.14361588614033,10.856384113859663,8.846019745993154,9.153980254006846,0-0,0.3821144623737669,0.3821144623737669,0.0,0.6531966606621409,0.4059001294628867,0.818061014794977,0.7178297301244754,0.8782432909487263,103.47538182922636,108.29184087149378,109.958116192227,102.69095526885016,0.0,0.0,0.0,0.0,0.0,0.0,0.1000931724969207,0.0,0.0,0.0,0.0,0.0,0.818061014794977,0.0,0.3837302644396571,40.0,90.0,65.87652736110762,,,,,,,,,,,,,,,,,,,,,,,,,,,,,,,,,,,,,302.0,Lafayette,Pat,1-3,100.78905275074446,294.0,110.94672128320076,282.0,0.2489474031952503,302.0,13.073750814274662,17.92624918572534,8.573107541405715,9.426892458594285,0-0,0.4842962728993293,0.4842962728993293,0.0,0.3430703832057887,0.4287624474690876,0.2811816701267393,0.9055923959019804,0.8428739218752396,110.9419085852685,103.82899860098384,103.94582128165816,110.00063870496182,0.0,0.0,100.61996424674048,123.651810025552,0.085460385978837,1.0,-0.1412045550785999,0.0,0.0,0.0,0.0,0.0,0.2811816701267393,0.0,-1.8974143798281136,305.0,307.0,70.18965227164492,,,,,,,,,,,,,,,,,,,,,,,,,,,,,,,,,,,,,10.387561721891174,-14.334884496937192,0.5851315607822173,-4.313124910537297,-254.0,-0.10218181052556241,-0.10218181052556241,,,,,,,,,,,,,4.313124910537297,68.03308981637628,,,,0.5,0.3333333333333333,0.16666666666666669,0.5,0.3333333333333333,0.16666666666666669,2,-2,4,4,0,4,3,0,0,1,111.17661447263563,100.78905275074446,96.61183678626357,110.94672128320076,0.8340789639774676,0.2489474031952503
Le Moyne,Niagara,1.5,2025-11-17,2025-2026,Le Moyne,Niagara,325.0,Le Moyne,NEC,1-3,102.8115769208087,252.0,115.8842988758462,360.0,0.20157419263266,325.0,12.830886247028769,18.16911375297123,9.101451573362112,8.898548426637888,0-0,0.454484765625466,0.454484765625466,0.0,0.3060836298257109,0.4370931330671996,0.2114656552624133,0.9189705890198088,0.854240536706969,107.0502219343358,102.97022954796348,101.29457614738068,109.34371595231032,0.0,0.0,0.0,0.0,0.0,0.0,-0.0838545244223338,0.0,0.0,0.0,0.0,0.0,0.2114656552624133,0.0,-2.126847675191571,324.0,258.0,70.92050207199013,,,,,,,,,,,,,,,,,,,,,,,,,,,,,,,,,,,,,338.0,Niagara,MAAC,2-1,97.7985453185148,345.0,111.66346563819415,306.0,0.1787750801269284,338.0,11.379215657348656,18.620784342651344,6.560026559387127,13.43997344061287,0-0,0.3556977984052287,0.3556977984052287,0.0,0.3487116567069315,0.3693047970356046,0.3384150865425949,0.9004298951445563,0.8285730665464858,102.77794883641916,109.74450185223009,100.27355331432358,105.56858506818396,0.0,0.0,0.0,0.0,0.0,0.0,0.298655692079922,0.0,0.0,0.0,0.0,0.0,0.3384150865425949,0.0,-0.5125030212505671,145.0,11.0,67.34258386050051,,,,,,,,,,,,,,,,,,,,,,,,,,,,,,,,,,,,,5.013031602293907,4.2208332376520445,0.022799112505731606,3.5779182114896173,-13.0,0.09878696722023733,0.09878696722023733,,,,,,,,,,,,,3.5779182114896173,69.13154296624532,,,,0.6666666666666666,0.6666666666666666,0.0,0.6666666666666666,0.6666666666666666,0.0,1,2,4,7,-3,3,3,0,0,1,102.8115769208087,97.7985453185148,115.8842988758462,111.66346563819415,0.20157419263266,0.1787750801269284
N.C. State,VCU,-12.5,2025-11-17,2025-2026,N.C. State,VCU,35.0,N.C. State,ACC,3-0,120.20997493569196,11.0,101.5403381033008,74.0,0.8744635495354627,35.0,19.193018641927893,9.806981358072104,10.52162407395835,7.478375926041648,0-0,0.2892794392697789,0.2892794392697789,0.0,0.7168660060204941,0.5695776455827914,0.8068755596213123,0.7019964030444804,0.8072050379946781,100.39181310135466,110.19924476801822,112.11932199972838,101.80027701937549,0.0,0.0,0.0,0.0,0.0,0.0,0.0508043910160389,0.0,0.0,0.0,0.0,0.0,0.8068755596213123,0.0,0.1955153160028945,64.0,134.0,71.44298301508917,,,,,,,,,,,,,,,,,,,,,,,,,,,,,,,,,,,,,58.0,VCU,A10,2-1,111.62671738897646,82.0,98.50910914133888,31.0,0.8080875490700701,58.0,20.95647314186778,8.043526858132225,12.634184719513822,5.36581528048618,0-0,0.4078305799991642,0.4078305799991642,0.0,0.5321975087396683,0.4066431053114673,0.6089251997235688,0.8409347529021252,0.8666528150752633,103.84846598026282,107.43772382538208,107.34228887441697,106.14459521147546,0.0,0.0,0.0,0.0,0.0,0.0,-0.1421527977585039,0.0,0.0,0.0,0.0,0.0,0.6089251997235688,0.0,-0.5006541305917805,142.0,308.0,74.93119742372507,,,,,,,,,,,,,,,,,,,,,,,,,,,,,,,,,,,,,8.583257546715501,3.031228961961915,0.0663760004653926,-3.4882144086358977,-23.0,-0.11855114072938533,-0.11855114072938533,,,,,,,,,,,,,3.4882144086358977,73.18709021940711,,,,0.5,0.3333333333333333,0.16666666666666669,0.5,0.3333333333333333,0.16666666666666669,0,-2,5,5,0,0,3,0,0,1,120.20997493569196,111.62671738897646,101.5403381033008,98.50910914133888,0.8744635495354627,0.8080875490700701
UCF,Oakland,-12.5,2025-11-17,2025-2026,UCF,Oakland,81.0,UCF,B12,3-1,112.72277280530542,69.0,102.9090198548886,100.0,0.7402928045266278,81.0,15.998874128021406,14.001125871978594,6.334525948336733,11.665474051663264,0-0,0.5617717995584482,0.5617717995584482,0.0,0.680260961807406,0.4457402554220814,0.8366080993976222,0.7076343300507262,0.8751668209440718,109.3004318855212,105.26961006102088,110.84611754299436,101.74475737845871,0.0,0.0,123.88370670358437,110.94669207411044,0.7804643763882826,2.0,0.1528846746333183,0.0,0.0,0.0,0.0,0.0,0.8366080993976222,0.0,0.2689212071800403,53.0,55.0,73.79147778909014,,,,,,,,,,,,,,,,,,,,,,,,,,,,,,,,,,,,,191.0,Oakland,Horz,1-3,107.53372549848363,142.0,110.33658758915736,263.0,0.4265583162841577,191.0,15.458159899977336,15.541840100022664,12.04050613940157,7.95949386059843,0-0,0.7169317386931389,0.7169317386931389,0.0,0.434652895034132,0.6273487812111566,0.3286701576367686,0.837197324340436,0.6530298476583826,122.68154848963292,93.80222133234923,106.30663996897611,107.28483847608824,0.0,0.0,110.6731082404543,114.79508458769932,0.3963900588932605,3.0,-0.0186194839103874,0.0,0.0,0.0,0.0,0.0,0.3286701576367686,0.0,-0.4574672942348468,135.0,198.0,68.46012383524833,,,,,,,,,,,,,,,,,,,,,,,,,,,,,,,,,,,,,5.1890473068217915,-7.427567734268763,0.31373448824247013,5.331353953841813,-110.0,-0.15515993913469062,-0.15515993913469062,,,,,,,,,,,,,5.331353953841813,71.12580081216923,,,,0.5,0.3333333333333333,0.16666666666666669,0.5,0.3333333333333333,0.16666666666666669,2,-1,3,5,-2,4,3,0,0,1,112.72277280530542,107.53372549848363,102.9090198548886,110.33658758915736,0.7402928045266278,0.4265583162841577
Charleston,Drake,-7.5,2025-11-17,2025-2026,Charleston,Drake,145.0,Charleston,CAA,2-2,110.6383102532176,92.0,110.44988747540896,267.0,0.5049002911805544,145.0,17.119936231963997,11.880063768036006,10.997447052742809,7.002552947257193,0-0,0.365049476580331,0.365049476580331,0.0,0.3954923044510441,0.409051025406088,0.3872064194229619,0.904573619580868,0.8792277496027333,105.72529216296202,106.37593394028676,104.66775880846052,108.38048952520636,0.0,0.0,0.0,0.0,0.0,0.0,-0.135191645619248,0.0,0.0,0.0,0.0,0.0,0.3872064194229619,0.0,-1.2719185045998902,248.0,302.0,69.84776890825611,,,,,,,,,,,,,,,,,,,,,,,,,,,,,,,,,,,,,146.0,Drake,MVC,2-2,103.8176713678902,230.0,103.74783312271366,111.0,0.5019346563478874,146.0,15.461042734323266,14.538957265676734,9.712610522451428,10.287389477548574,0-0,0.2361669012684997,0.2361669012684997,0.0,0.4545983530368769,0.3294991840984154,0.5171479375061077,0.8878007718891491,0.9256849741988364,101.947222725973,109.08487158726348,102.42733782555004,102.97748414795808,0.0,0.0,0.0,0.0,0.0,0.0,-0.2957191590820713,0.0,0.0,0.0,0.0,0.0,0.5171479375061077,0.0,-1.7992702662644042,298.0,357.0,68.21686819400973,,,,,,,,,,,,,,,,,,,,,,,,,,,,,,,,,,,,,6.820638885327398,6.702054352695299,0.0029656348326669857,1.6309007142463798,-1.0,0.12888257531183128,0.12888257531183128,,,,,,,,,,,,,1.6309007142463798,69.03231855113293,,,,0.3333333333333333,0.0,0.3333333333333333,0.3333333333333333,0.0,0.3333333333333333,1,-3,3,3,0,3,3,0,0,1,110.6383102532176,103.8176713678902,110.44988747540896,103.74783312271366,0.5049002911805544,0.5019346563478874
Pittsburgh,Bucknell,-16.5,2025-11-17,2025-2026,Pittsburgh,Bucknell,84.0,Pittsburgh,ACC,3-1,110.56750726097404,93.0,101.44732664183536,69.0,0.7290869885404214,84.0,15.47232263765756,15.52767736234244,6.718484281085628,11.281515718914374,0-0,0.4587972803558895,0.4587972803558895,0.0,0.6918265139883766,0.5239424973986219,0.8130760815254213,0.7157454787787979,0.8256105981070375,105.84520355408252,106.94692391621275,111.68866453137365,102.48773927154136,0.0,0.0,92.40095204582974,102.34896825901156,0.2357927252181488,1.0,0.0316191049899909,0.0,0.0,0.0,0.0,0.0,0.8130760815254213,0.0,-0.1739962865313701,108.0,147.0,68.90999817296989,,,,,,,,,,,,,,,,,,,,,,,,,,,,,,,,,,,,,268.0,Bucknell,Pat,2-2,100.65104479394851,296.0,108.62210747555008,212.0,0.2939082889035088,268.0,14.32960882282859,16.670391177171407,9.582226270210713,8.417773729789289,0-0,0.3631916668760444,0.3631916668760444,0.0,0.3670198052892608,0.49273176849611,0.2762278318620919,0.8951272725818327,0.8163987321283092,102.67498389718077,108.05667831231489,104.62286795053748,109.87210632204896,0.0,0.0,0.0,0.0,0.0,0.0,0.0661813575472335,0.0,0.0,0.0,0.0,0.0,0.2762278318620919,0.0,-1.557502391715822,273.0,122.0,70.78718178997488,,,,,,,,,,,,,,,,,,,,,,,,,,,,,,,,,,,,,9.916462467025525,-7.1747808337147205,0.43517869963691264,-1.877183617004988,-184.0,0.09560561347984514,0.09560561347984514,,,,,,,,,,,,,1.877183617004988,69.84858998147239,,,,0.5,0.5,0.0,0.5,0.5,0.0,-2,-2,4,3,1,4,4,0,0,1,110.56750726097404,100.65104479394851,101.44732664183536,108.62210747555008,0.7290869885404214,0.2939082889035088
Louisiana Monroe,Lamar,10.5,2025-11-17,2025-2026,Louisiana Monroe,Lamar,358.0,Louisiana Monroe,SB,1-3,96.27934056523397,356.0,113.41861516740464,336.0,0.1319226172851185,358.0,7.54635196057535,22.45364803942465,3.8814819419886777,14.11851805801132,0-0,0.3964973181711702,0.3964973181711702,0.0,0.4069859329579302,0.4157633257337844,0.4011343377740273,0.8852745722384857,0.8387937458149584,109.31127757581773,106.87288742569588,101.29752690271783,103.94389892999716,0.0,0.0,92.53272025098607,105.9855046854572,0.1735017299212324,1.0,-0.0907119128220892,0.0,0.0,0.0,0.0,0.0,0.4011343377740273,0.0,-2.101170935054171,321.0,262.0,71.50046819836284,,,,,,,,,,,,,,,,,,,,,,,,,,,,,,,,,,,,,179.0,Lamar,Slnd,1-1,103.59894865914649,239.0,105.5760389805613,140.0,0.4458633028901183,179.0,17.41908752263596,13.580912477364045,12.351647320125394,9.648352679874607,0-0,0.4086154631433468,0.4086154631433468,0.0,0.3862793206263576,0.3861815539611911,0.3863193160802894,0.9022024972192796,0.8613582976954842,112.89280528390913,99.10740022567454,100.65254280046727,103.89796617222665,0.0,0.0,0.0,0.0,0.0,0.0,-0.058864490195484,0.0,0.0,0.0,0.0,0.0,0.3863193160802894,0.0,-0.4666129606400736,136.0,239.0,68.04136306932644,,,,,,,,,,,,,,,,,,,,,,,,,,,,,,,,,,,,,-7.319608093912521,7.8425761868433455,-0.31394068560499977,3.459105129036402,179.0,-0.012118144972176614,-0.012118144972176614,,,,,,,,,,,,,3.459105129036402,69.77091563384464,,,,0.5,1.0,-0.5,0.5,1.0,-0.5,0,1,5,7,-2,0,1,0,0,1,96.27934056523397,103.59894865914649,113.41861516740464,105.5760389805613,0.1319226172851185,0.4458633028901183
Kansas St.,Tulsa,-12.5,2025-11-17,2025-2026,Kansas St.,Tulsa,76.0,Kansas St.,B12,3-0,112.11156299707577,76.0,101.908991933391,81.0,0.7497471835570012,76.0,15.554196039899516,14.445803960100482,6.528064873325414,11.471935126674584,0-0,0.3388400559303499,0.3388400559303499,0.0,0.6835952111894144,0.458733350310462,0.8335031184420493,0.6873000329907707,0.8311451598430919,104.66409003848624,112.24577694010488,111.2133615122814,102.30127483116232,0.0,0.0,0.0,0.0,0.0,0.0,0.1394992384452958,0.0,0.0,0.0,0.0,0.0,0.8335031184420493,0.0,0.266224833318995,54.0,65.0,71.8486702919678,,,,,,,,,,,,,,,,,,,,,,,,,,,,,,,,,,,,,132.0,Tulsa,Amer,3-0,111.18636880926684,87.0,109.19605703633684,229.0,0.5517447294691912,132.0,17.460580249889443,12.53941975011056,8.45779848109029,9.54220151890971,0-0,0.2501163924756948,0.2501163924756948,0.0,0.4839085920086502,0.3431835026873871,0.5777253182228258,0.8696506933570136,0.9139795204326948,103.41543541442934,108.57620125690303,103.5674352367673,102.94187408483718,0.0,0.0,0.0,0.0,0.0,0.0,0.2384396208468443,0.0,0.0,0.0,0.0,0.0,0.5777253182228258,0.0,0.2405617925056516,58.0,23.0,68.5685660327646,,,,,,,,,,,,,,,,,,,,,,,,,,,,,,,,,,,,,0.9251941878089269,-7.287065102945846,0.19800245408781003,3.2801042592032132,-56.0,0.0887236634546551,0.0887236634546551,,,,,,,,,,,,,3.2801042592032132,70.20861816236621,,,,0.5,0.5,0.0,0.5,0.5,0.0,0,-1,5,5,0,0,2,0,0,1,112.11156299707577,111.18636880926684,101.908991933391,109.19605703633684,0.7497471835570012,0.5517447294691912
North Dakota St.,Southern Illinois,1.5,2025-11-17,2025-2026,North Dakota St.,Southern Ill.,225.0,North Dakota St.,Sum,2-2,102.62888213627036,257.0,107.43558025569224,179.0,0.3713620062466751,225.0,15.86237645031078,14.13762354968922,8.899373641620333,7.100626358379667,0-0,0.370720168336566,0.370720168336566,0.0,0.3571515640591233,0.3876297892026968,0.3304831170584965,0.920280023996508,0.9046492634447636,105.89825104926062,106.0425375931252,97.11278931030394,101.23625545560108,0.0,0.0,0.0,0.0,0.0,0.0,-0.0286959397991344,0.0,0.0,0.0,0.0,0.0,0.3304831170584965,0.0,-1.4013187822296018,262.0,206.0,69.38891536314283,,,,,,,,,,,,,,,,,,,,,,,,,,,,,,,,,,,,,133.0,Southern Illinois,MVC,2-1,107.7264799058027,135.0,105.80358479048353,145.0,0.5515973464109452,133.0,16.7526278744795,14.2473721255205,10.662959637826184,9.337040362173816,0-0,0.2764364644820104,0.2764364644820104,0.0,0.489464758407022,0.4479645716590307,0.5122898611184171,0.8683470046074826,0.8636169369220109,102.92312361015928,107.10373680807872,106.23892544114275,106.0741079121918,0.0,0.0,0.0,0.0,0.0,0.0,-0.0697864878599306,0.0,0.0,0.0,0.0,0.0,0.5122898611184171,0.0,-0.6378414787214852,162.0,248.0,72.52386826097954,,,,,,,,,,,,,,,,,,,,,,,,,,,,,,,,,,,,,-5.097597769532342,1.6319954652087176,-0.18023534016427006,-3.134952897836712,92.0,0.09428370385455559,0.09428370385455559,,,,,,,,,,,,,3.134952897836712,70.95639181206118,,,,0.5,0.5,0.0,0.5,0.5,0.0,0,0,5,5,0,0,0,0,0,1,102.62888213627036,107.7264799058027,107.43558025569224,105.80358479048353,0.3713620062466751,0.5515973464109452
Missouri,Prairie View A&M,-35.5,2025-11-17,2025-2026,Missouri,Prairie View,31.0,Missouri,SEC,4-0,119.99964182789545,13.0,100.67417126366432,57.0,0.8828183386542257,31.0,20.321410981829604,10.678589018170396,9.386595456983338,8.613404543016664,0-0,0.3774297382608462,0.3774297382608462,0.0,0.6817142009175033,0.4277182361087498,0.8651557310571586,0.6752844103110671,0.8320920737615438,103.34674896788364,108.41577516216915,112.26303984691384,102.60303883832093,0.0,0.0,0.0,0.0,0.0,0.0,0.0777765339786946,0.0,0.0,0.0,0.0,0.0,0.8651557310571586,0.0,0.4220321117030766,32.0,111.0,71.47056596417696,,,,,,,,,,,,,,,,,,,,,,,,,,,,,,,,,,,,,341.0,Prairie View A&M,SWAC,2-2,98.55499228051774,334.0,113.30632768920847,333.0,0.1674199918316086,341.0,9.8319571047933,17.1680428952067,7.075687114397574,9.924312885602427,0-0,0.3993159572262488,0.3993159572262488,0.0,0.3722166471704852,0.5506465914576304,0.2672578564133409,0.8675293151641166,0.7262345225478011,114.31395585735814,100.66234148422242,104.20427846563616,108.84531355881568,0.0,0.0,94.39624125545345,106.2411894693601,0.2043342250579351,1.0,-0.0188768498669865,0.0,0.0,0.0,0.0,0.0,0.2672578564133409,0.0,-0.9535522049551904,204.0,199.0,73.56012862348304,,,,,,,,,,,,,,,,,,,,,,,,,,,,,,,,,,,,,21.444649547377708,-12.632156425544153,0.715398346822617,-2.0895626593060825,-310.0,-0.021886218965402604,-0.021886218965402604,,,,,,,,,,,,,2.0895626593060825,72.51534729382999,,,,0.75,0.5,0.25,0.75,0.5,0.25,2,0,5,5,0,4,0,0,0,1,119.99964182789545,98.55499228051774,100.67417126366432,113.30632768920847,0.8828183386542257,0.1674199918316086
Tennessee,Rice,-26.5,2025-11-17,2025-2026,Tennessee,Rice,16.0,Tennessee,SEC,3-0,116.15278439648124,40.0,94.2300238366672,6.0,0.9172402138992232,16.0,20.206371057598385,9.793628942401616,10.559166786522628,7.440833213477372,0-0,0.178237184480453,0.178237184480453,0.0,0.7135426563500604,0.4827447088961841,0.8674079546526445,0.6370873886298051,0.7789215391427501,98.16229979942769,112.67383337708822,113.44622935512425,101.85273921735494,0.0,0.0,0.0,0.0,0.0,0.0,0.0146526841622528,0.0,0.0,0.0,0.0,0.0,0.8674079546526445,0.0,0.0905204172073377,83.0,164.0,67.59709093892086,,,,,,,,,,,,,,,,,,,,,,,,,,,,,,,,,,,,,164.0,Rice,Amer,2-2,107.65051092331753,138.0,108.84607928446844,218.0,0.4682888279549171,164.0,14.861089084733354,16.13891091526665,7.584580210771499,10.4154197892285,0-0,0.3799172815726772,0.3799172815726772,0.0,0.4842787340171118,0.3905884105108182,0.5519439676605461,0.8586332139863532,0.8598863483818528,104.97752665425152,103.71638661687824,103.85252738226212,102.85963664500548,0.0,0.0,107.24468863678791,91.86524888109066,0.8557076682295901,1.0,-0.1280627400688218,0.0,0.0,0.0,0.0,0.0,0.5519439676605461,0.0,-1.178383585305376,233.0,298.0,69.77359090947957,,,,,,,,,,,,,,,,,,,,,,,,,,,,,,,,,,,,,8.502273473163712,-14.616055447801244,0.44895138594430606,-2.1764999705587087,-148.0,-0.20168009709222418,-0.20168009709222418,,,,,,,,,,,,,2.1764999705587087,68.6853409242002,,,,0.3333333333333333,0.3333333333333333,0.0,0.3333333333333333,0.3333333333333333,0.0,-1,-2,5,3,2,3,3,0,0,1,116.15278439648124,107.65051092331753,94.2300238366672,108.84607928446844,0.9172402138992232,0.4682888279549171
Arizona St.,Georgia St.,-17.5,2025-11-17,2025-2026,Arizona St.,Georgia St.,77.0,Arizona St.,B12,2-1,110.77330757743005,91.0,100.83174774578876,62.0,0.746754028068733,77.0,13.053843470306624,15.94615652969338,6.721263847374024,11.278736152625978,0-0,0.4438026891734628,0.4438026891734628,0.0,0.7342555728291654,0.5884974600828496,0.8233299750630249,0.6603990006144265,0.7575523425749171,105.8427266256153,106.84345791674816,112.70888824025174,100.94162945188128,0.0,0.0,103.70792824158404,99.41563946048852,0.6191860716807037,1.0,-0.0536377215042784,0.0,0.0,0.0,0.0,0.0,0.8233299750630249,0.0,-0.3471063553529535,125.0,233.0,71.34337186032714,,,,,,,,,,,,,,,,,,,,,,,,,,,,,,,,,,,,,305.0,Georgia St.,SB,1-3,98.9281910649853,325.0,109.06724851845858,222.0,0.2456294344903064,305.0,9.858676527269866,20.14132347273013,6.336887684894587,11.663112315105415,0-0,0.3598071845370887,0.3598071845370887,0.0,0.4117490148791864,0.4360268087493354,0.3955638189657539,0.8958348394983887,0.8554864508117613,104.66409806902767,104.6301377544734,101.6927689357995,103.85537436108972,0.0,0.0,97.80223467787368,94.41109201171793,0.6000856242497795,1.0,-0.2405541350826284,0.0,0.0,0.0,0.0,0.0,0.3955638189657539,0.0,-2.185014199179043,328.0,351.0,71.20638440582375,,,,,,,,,,,,,,,,,,,,,,,,,,,,,,,,,,,,,11.845116512444747,-8.235500772669823,0.5011245935784266,0.1369874545033838,-228.0,0.08399550463637412,0.08399550463637412,,,,,,,,,,,,,0.1369874545033838,71.27487813307545,,,,0.5,0.5,0.0,0.5,0.5,0.0,0,0,5,5,0,0,0,0,0,1,110.77330757743005,98.9281910649853,100.83174774578876,109.06724851845858,0.746754028068733,0.2456294344903064
Clemson,North Alabama,-24.5,2025-11-17,2025-2026,Clemson,North Alabama,44.0,Clemson,ACC,3-1,113.21172584527189,66.0,97.83716890319836,27.0,0.842703775123886,44.0,18.263951094848203,11.736048905151794,10.043625819713077,7.956374180286922,0-0,0.3074123517425869,0.3074123517425869,0.0,0.6783608763534076,0.5173619435677494,0.7856934982105133,0.7100396436499979,0.780976478036722,101.36180491245617,110.68389466201276,111.005602118769,102.43182409492,0.0,0.0,0.0,0.0,0.0,0.0,-0.0984795908163812,0.0,0.0,0.0,0.0,0.0,0.7856934982105133,0.0,-0.3897202353115501,130.0,270.0,67.44213454180331,,,,,,,,,,,,,,,,,,,,,,,,,,,,,,,,,,,,,160.0,North Alabama,ASun,2-2,106.68444389617072,162.0,107.6582234373504,187.0,0.4739007550745039,160.0,17.375253361884933,11.624746638115068,12.574652179075018,5.425347820924983,0-0,0.3710497003667898,0.3710497003667898,0.0,0.350067971395865,0.4753775603147079,0.2734898892787944,0.8947381515607543,0.8074764965903405,107.440890531959,106.56342359251914,100.4618350736463,105.94724405808246,0.0,0.0,100.7787811636014,103.27724290349084,0.4300551735820757,1.0,-0.1389552021133721,0.0,0.0,0.0,0.0,0.0,0.2734898892787944,0.0,-1.2449443084470464,242.0,305.0,69.6279703995197,,,,,,,,,,,,,,,,,,,,,,,,,,,,,,,,,,,,,6.527281949101166,-9.82105453415204,0.36880302004938204,-2.185835857716384,-116.0,-0.0636373486242029,-0.0636373486242029,,,,,,,,,,,,,2.185835857716384,68.5350524706615,,,,0.5,0.5,0.0,0.5,0.5,0.0,-2,0,2,5,-3,4,0,0,0,1,113.21172584527189,106.68444389617072,97.83716890319836,107.6582234373504,0.842703775123886,0.4739007550745039
Gonzaga,Southern Utah,-35.5,2025-11-17,2025-2026,Gonzaga,Southern Utah,9.0,Gonzaga,WCC,4-0,119.21438752500995,15.0,95.20268114847975,8.0,0.929989394744573,9.0,25.47084460717312,4.529155392826889,15.456146068822722,2.5438539311772823,0-0,0.6822177948002439,0.6822177948002439,0.0,0.6032583054320048,0.6542946684161332,0.5692340634425856,0.7730093238754142,0.7119226012659615,112.07391006585986,103.59705023843364,109.30740303767902,104.1982256898442,0.0,0.0,123.91723208212296,83.86045080259021,0.9889070111959511,1.0,0.1856025613730694,0.0,0.0,0.0,0.0,0.0,0.5692340634425856,0.0,1.3722675708453729,2.0,34.0,72.70132511605593,,,,,,,,,,,,,,,,,,,,,,,,,,,,,,,,,,,,,300.0,Southern Utah,WAC,1-3,101.04483798841954,290.0,111.07289125687392,286.0,0.251965579031525,300.0,10.532333563023746,20.46766643697625,5.932193703933584,12.067806296066417,0-0,0.4193689176088364,0.4193689176088364,0.0,0.430981322200255,0.4344684073399779,0.4284628718215663,0.871154910148772,0.8162225963792668,108.98412055071974,106.30806496443142,98.80123909562234,99.30722368582046,0.0,0.0,0.0,0.0,0.0,0.0,-0.1753230166828437,0.0,0.0,0.0,0.0,0.0,0.4284628718215663,0.0,-2.2014051548125906,330.0,325.0,71.90067186592168,,,,,,,,,,,,,,,,,,,,,,,,,,,,,,,,,,,,,18.16954953659041,-15.870210108394161,0.678023815713048,0.8006532501342463,-291.0,0.26284887719140754,0.26284887719140754,,,,,,,,,,,,,0.8006532501342463,72.3009984909888,,,,0.75,0.5,0.25,0.75,0.5,0.25,-1,0,3,5,-2,4,0,0,0,1,119.21438752500995,101.04483798841954,95.20268114847975,111.07289125687392,0.929989394744573,0.251965579031525
Oregon,Oregon St.,-13.5,2025-11-17,2025-2026,Oregon,Oregon St.,36.0,Oregon,B10,3-0,113.62316545721652,62.0,96.61927595008012,19.0,0.8657921472435327,36.0,17.822103317202288,12.177896682797714,9.75823815654101,10.24176184345899,0-0,0.4839810676194587,0.4839810676194587,0.0,0.7556782218110437,0.5559272704350271,0.8555536974990522,0.6448083827812375,0.8145189666718533,106.08542978185136,106.72366668728569,114.13405589505926,100.98957946127672,0.0,0.0,0.0,0.0,0.0,0.0,0.1034052786694864,0.0,0.0,0.0,0.0,0.0,0.8555536974990522,0.0,0.3689960286364371,41.0,87.0,71.01791419168934,,,,,,,,,,,,,,,,,,,,,,,,,,,,,,,,,,,,,114.0,Oregon St.,WCC,3-0,109.32383601167471,110.0,104.928695124793,128.0,0.6158296679480942,114.0,17.2256404883482,11.774359511651792,9.007762889261128,8.992237110738872,0-0,0.4273220713182811,0.4273220713182811,0.0,0.5379060986274297,0.4446897219577024,0.5948716621478186,0.8285954820151298,0.8754174585591424,103.1917028472534,106.01485320703208,107.45729803985688,105.34856368925988,0.0,0.0,0.0,0.0,0.0,0.0,0.2640462320619517,0.0,0.0,0.0,0.0,0.0,0.5948716621478186,0.0,0.3049834735944915,50.0,17.0,67.2243069266559,,,,,,,,,,,,,,,,,,,,,,,,,,,,,,,,,,,,,4.299329445541801,-8.309419174712872,0.24996247929543847,3.793607265033444,-78.0,0.0566589963011776,0.0566589963011776,,,,,,,,,,,,,3.793607265033444,69.12111055917262,,,,0.0,0.5,-0.5,0.0,0.5,-0.5,-3,0,5,5,0,3,0,0,0,1,113.62316545721652,109.32383601167471,96.61927595008012,104.928695124793,0.8657921472435327,0.6158296679480942
Kentucky,Michigan St.,-5.5,2025-11-17,2025-2026,Kentucky,Michigan St.,11.0,Kentucky,SEC,3-1,119.18932856653106,16.0,95.71300661556532,12.0,0.9257130353240433,11.0,20.99799577829788,10.002004221702114,11.03518168642058,6.96481831357942,0-0,0.4006874590348008,0.4006874590348008,0.0,0.7214295832715554,0.5161752833516509,0.8696687998803755,0.6300614105416978,0.7500639116404082,104.80996234859724,106.3427419298078,113.57253365254144,101.61462409418914,0.0,0.0,124.38234328189472,108.258375783561,0.8315502457865248,1.0,-0.0677690837756698,0.0,0.0,0.0,0.0,0.0,0.8696687998803755,0.0,-0.0538779132094771,92.0,242.0,72.47623589117826,,,,,,,,,,,,,,,,,,,,,,,,,,,,,,,,,,,,,23.0,Michigan St.,B10,3-0,115.08976188111043,52.0,95.20882609203412,9.0,0.8985172165577847,23.0,20.41168490555865,10.588315094441342,11.33942203166083,8.660577968339169,0-0,0.5046051182033153,0.5046051182033153,0.0,0.7434980862320163,0.547837086537969,0.851111636063742,0.6471015200708489,0.7862562538833545,108.42255362997211,107.15215159807003,114.24668091770889,101.5397852542662,0.0,0.0,110.10499244794944,88.95224976667183,0.920805999814208,1.0,0.1482816307359398,0.0,0.0,0.0,0.0,0.0,0.851111636063742,0.0,0.6186935762909644,17.0,60.0,69.83370897992076,,,,,,,,,,,,,,,,,,,,,,,,,,,,,,,,,,,,,4.099566685420626,0.504180523531204,0.02719581876625854,2.642526911257505,-12.0,-0.10391765916851453,-0.10391765916851453,,,,,,,,,,,,,2.642526911257505,71.15497243554951,,,,0.5,0.5,0.0,0.5,0.5,0.0,1,0,3,5,-2,4,0,0,0,1,119.18932856653106,115.08976188111043,95.71300661556532,95.20882609203412,0.9257130353240433,0.8985172165577847
Duke,Kansas,-7.5,2025-11-17,2025-2026,Duke,Kansas,2.0,Duke,ACC,4-0,120.5439285030276,7.0,93.1468726373608,2.0,0.9509733600178212,2.0,24.81962255258216,6.180377447417837,13.95907342981419,4.04092657018581,0-0,0.3764651744483974,0.3764651744483974,0.0,0.7100358801551591,0.5767565741441542,0.8062931567186623,0.6682417178579234,0.7108937994404407,104.13582145532476,109.03055600980468,112.40843514853113,101.7645954835716,0.0,0.0,118.33155594098572,85.99122460899241,0.9751884177730704,1.0,0.0709171714399685,0.0,0.0,0.0,0.0,0.0,0.8062931567186623,0.0,0.6778165603171786,11.0,118.0,70.6064234781917,,,,,,,,,,,,,,,,,,,,,,,,,,,,,,,,,,,,,17.0,Kansas,B12,3-1,115.385256449065,50.0,94.04380288064444,4.0,0.9130877598096316,17.0,19.68403738022289,10.315962619777112,11.291662437359058,6.708337562640941,0-0,0.4311846241307137,0.4311846241307137,0.0,0.7644430224805594,0.6609873321917555,0.8334134826730957,0.6373314915470737,0.700874913986886,104.89064924202978,106.11053691542035,113.50565812926637,100.14458303254416,0.0,0.0,121.66494731193224,106.4712728784989,0.8225982231526278,1.0,-0.0733687596026072,0.0,0.0,0.0,0.0,0.0,0.8334134826730957,0.0,-0.0801624377528942,96.0,251.0,70.46370632861168,,,,,,,,,,,,,,,,,,,,,,,,,,,,,,,,,,,,,5.158672053962604,-0.8969302432836344,0.03788560020818954,0.14271714958002235,-15.0,-0.05471944968231629,-0.05471944968231629,,,,,,,,,,,,,0.14271714958002235,70.53506490340169,,,,1.0,0.5,0.5,1.0,0.5,0.5,4,-1,3,2,1,4,4,0,0,1,120.5439285030276,115.385256449065,93.1468726373608,94.04380288064444,0.9509733600178212,0.9130877598096316
